"MERIT"	"COMID"	"mean_nit"	"sd_nit"
8	85005887	0.119616581761032	0.0277614840438379
2	24019792	0.0768707012043778	0.016152387798998
4	46034450	1.64880101275703	0.354141685427536
4	44024174	0.56445589864365	0.109720607252864
7	74046783	0.428353939846191	0.0771615070616514
5	56165155	0.366869468287833	0.0892939533142526
6	61022786	0.122940815559342	0.0268171186575197
7	74041638	0.822576816258004	0.143226021788189
1	12053038	0.197030355364473	0.0527205818413378
4	46009129	0.48604821139951	0.117639808594919
5	51004925	0.329496131659188	0.0581418497049557
6	65016758	0.328526570937837	0.0875080706634818
2	23026350	0.172608664765315	0.0393207409381135
4	49001111	0.311934021206305	0.0883197761366472
4	45041747	1.47348636035455	0.362297881563236
3	34016431	0.10969971017149	0.0307438297543068
2	28032532	0.634456149434219	0.159667331346227
3	32045245	0.0663171178411631	0.0184942421518597
1	14012864	0.94671807648197	0.248897907022251
7	75012729	0.669147053956107	0.163765236452311
5	52015691	0.132774165987997	0.0323391780013488
2	23029517	1.24183997031776	0.231539236331136
4	43045073	1.10732726895729	0.227124406006167
7	71023528	0.398844523743621	0.0703400157041317
4	47007261	0.243774163845434	0.0662019869311799
7	77056406	0.606701619481501	0.120433827543062
4	42046137	0.774092054644397	0.153707420559555
5	56120471	0.512083171997038	0.172251230561963
5	56067985	0.341753260471635	0.121442468213668
2	29072216	0.711119041515184	0.190639603035015
1	18003096	0.12976567257336	0.0281169668640397
6	64022516	0.415527575446337	0.0992151411282879
6	62109618	0.167803987455769	0.0353115533554864
2	29083382	1.66116610340843	0.418402056665976
1	12041675	0.333565333089595	0.0999645226044721
1	11067840	0.187770488113266	0.0475971111148409
7	71020794	0.772205711810354	0.16823988602459
2	25010526	0.652568705299294	0.154822207839418
5	56051849	0.20742889163086	0.0606032212904591
1	16042793	0.850151704178373	0.165277278314073
7	74010914	1.19134844872526	0.264083098722689
3	31031956	0.102631159165239	0.0238534217512567
2	29098566	0.538147431725821	0.156660347984606
6	61042156	0.101758049003293	0.0163843222797801
6	61015108	0.333668725577693	0.0587502277430052
8	86003484	0.19538800435145	0.0540434387642665
5	56106135	0.29747280304358	0.11203748017563
4	47029290	0.845352185311679	0.224990894019353
6	64042758	0.709353609278471	0.127967599452136
6	62082484	0.263643847873601	0.0545152477124804
1	13028831	0.108877049482531	0.024047625526112
3	35042086	0.114904952022552	0.0287598883124524
5	53016556	0.122586327629469	0.0295205237743688
8	83005980	0.0437309131534535	0.0111530270006996
1	15030419	0.638351958862623	0.135196689973748
1	14082484	0.254140487353527	0.0384249095366338
2	28044932	0.708734459262688	0.226244370549188
4	45059799	1.25634171173339	0.284433539680238
1	12080455	1.27249511624084	0.290313561417769
3	35014674	0.0762873498188491	0.0246367879304981
6	64032109	0.282134987944279	0.0844022937802688
5	56169439	0.125977741600974	0.0291104377929925
4	44041933	0.219538728715765	0.0394718634845507
6	65009206	0.751973848236998	0.14225783739362
6	62074280	0.0837710041166456	0.0232684361591749
2	29021760	0.545556668967538	0.153173228646459
6	62057392	0.112084105339366	0.0257660516999329
4	42029860	0.0920099916149591	0.0190094938026049
1	15140052	0.538410239676588	0.151578469831611
7	75000022	0.107101953119833	0.0153686540373129
5	56027722	0.333933024130535	0.109704482915281
6	63015940	1.15035911069672	0.292493084242593
5	56156946	0.521259250047824	0.154324846788639
4	45022204	0.0742299750567258	0.0188931195694389
1	16012453	0.497754051326288	0.157801133326456
1	15039164	0.684785301720892	0.195895173556634
5	56055633	0.487524754035269	0.162282394847345
1	14037073	0.483235571220727	0.113177499328562
7	74072445	0.272061755900142	0.0728477990854822
1	12095583	0.369568534353445	0.121404387274587
7	78027313	1.88501699848309	0.402251865426472
4	43055384	0.076243051662945	0.0131429857815439
4	43082973	0.395693431104153	0.0723961223028597
6	62078887	0.118210079492701	0.0225072757193137
7	74065972	0.325411203861841	0.0444006051115219
2	29043450	0.56412841613876	0.133607638031711
8	82039871	0.0824078922051245	0.0128562187823758
4	43020501	2.1867544715892	0.448312464141997
5	51006109	0.220626829589297	0.0520033925737044
7	77016859	0.236327572333785	0.0633568675248778
2	28068818	1.35711628113332	0.309348699336468
5	57001511	0.156771712932976	0.0239042321503087
3	34006858	0.100422095516224	0.0319226181399207
8	82038568	0.429577100807812	0.106600679306231
3	34008770	0.0536477915104338	0.014643695991295
2	28064681	0.553639085926699	0.103059492527076
3	31032398	0.090062171197144	0.0221858856470777
4	43088247	0.279955647819703	0.0445146197405869
7	74032637	1.02755288468789	0.161281590484018
2	29013334	0.469859493953804	0.126300688427579
2	29089428	0.842751359614876	0.212512347999399
3	32015750	0.0679777001528151	0.015151466565161
5	56135525	0.319163629326238	0.0986809210586307
7	74018519	6.53162897987992	1.14459891441483
7	72024502	0.0445602580737476	0.0101939890142277
2	29097679	0.933454857401219	0.268757402423154
4	41007159	0.983980320286861	0.206954184506726
1	15103120	0.678605849482394	0.221998421668759
1	17008390	0.535809387223209	0.163951303064468
5	56059691	0.432946433612418	0.152898444417415
3	31062785	0.286044125098667	0.0707526027141216
5	52000019	0.226812539457449	0.0373151133447234
7	75039912	0.497472590254536	0.100470696677671
8	82013035	0.0501475294167277	0.0159240158432199
2	29048628	0.615332972893264	0.155338508886289
7	72045709	0.300276887514188	0.0666386603218079
6	64036431	0.468738072856356	0.0924359863734391
6	64021239	0.239609141565697	0.0514350037926553
3	35061180	0.164652681099228	0.0352659111347797
1	11017627	0.601162274274737	0.153928256396881
8	82033456	0.0649433951660621	0.0167333641460296
2	24019853	0.2940390136713	0.0617442238671714
1	16023996	0.915604308650991	0.259674594055504
6	62020628	0.0945575622866229	0.0231179206484682
5	56044236	0.542828643039118	0.183061749100477
4	47030773	1.2159022148103	0.347106902329071
5	56003282	0.197397417315086	0.0524796453086486
7	75012681	0.807105769021144	0.227052431686977
3	31037586	0.156500236396672	0.0325513345136072
1	12027685	0.207568902678356	0.0431466268467359
1	12076630	0.436078224410115	0.115448082527642
6	62070788	0.097286929989101	0.0240818145717805
3	32047007	0.0985175880000597	0.0181582371651678
7	72054931	1.67689178540482	0.195925041808984
6	62048233	0.0913276307115564	0.020086331903923
7	71044320	0.111239872512474	0.0210010267986527
2	28078018	1.05501543761603	0.238391561761103
3	31072606	0.220772435445172	0.0648684116309278
6	62084073	0.215252085356564	0.0345019577283008
7	74010599	0.176257576018955	0.062334999670157
5	56134572	0.35925347017381	0.12743857507975
1	13049334	0.153772950904844	0.0223305520686283
6	65016296	0.8740438750258	0.183632672258853
2	21000636	1.6513447148256	0.140830604073787
4	42016126	0.084972007704865	0.0175474448146771
2	23004493	3.49048260288344	0.459854927768486
5	53007998	0.134376383322821	0.0300501283431009
1	16029951	0.762500896852888	0.202831747984931
1	16042061	1.12776301453214	0.299662060419971
1	17037074	0.452258667489358	0.0893192694587194
4	41008922	0.248098098568505	0.0403887789251996
4	48034617	0.369483622451661	0.107173759978046
1	13068994	0.130459708440851	0.0259447868392394
2	26023025	0.190852396762602	0.0428662522360196
7	74011163	0.56238892578393	0.0935791673700224
8	82008816	0.0297753553164099	0.00781750454029335
1	12046853	0.336333150495358	0.0872185751488024
1	15103300	0.754965388270393	0.235375243517933
3	35023347	0.178318812853065	0.0483188762684585
3	31011539	0.0546404456673143	0.0129820858637347
4	48015672	0.239966913410025	0.066775017443727
6	62080782	0.0963628436529545	0.0199563477389339
1	12031547	0.395363578316524	0.0782653809774563
2	21008750	0.371609322386202	0.0735662525133089
6	61003710	0.414319167464793	0.0945668936543172
8	82021069	0.076943150422556	0.021030313743948
8	81001817	0.297396386985338	0.0868719886021527
2	23023360	1.13933101884247	0.224832509051299
4	44013909	0.375826411311848	0.0627604904643203
4	48021538	0.635577105534297	0.15529149769044
1	15106133	0.630544109270157	0.173250590173846
7	75005513	1.36882213740855	0.389212930145844
6	64070753	0.744409190231056	0.147863850343333
7	78007664	0.130654595606682	0.0245018388860307
3	32019121	0.116006156995523	0.0253331443932648
7	77056264	0.679925114554267	0.151346453428543
8	82037536	0.12851240413216	0.0292051453750868
1	17015317	0.885401708628005	0.253583331264933
7	74030315	0.982760152902729	0.199388453949363
4	45068740	0.672005965324895	0.132549087985086
4	45053029	0.625287160403483	0.13986551986839
4	43063256	0.289603192083896	0.0635564265234916
4	43081621	0.21180862535202	0.0246082477835509
4	43041786	0.1874640965514	0.054671252026049
4	43084556	0.278720587440663	0.0375412708974238
2	24036802	1.92577915614403	0.392037196091931
6	62054405	0.106640908315905	0.0224634750395475
5	55000192	0.102019120155639	0.0190655224479562
4	42057980	0.886839987575334	0.159343914142931
1	17002457	0.477524894563551	0.121214236954532
7	77042652	0.179820964260853	0.0318977710760458
6	61000739	0.687664822964426	0.161557812893951
7	71025372	0.0680390436958561	0.0179662475963745
5	51000887	0.120614828204825	0.0272256858091174
8	82011667	0.0499821314046257	0.0163583541863986
7	74035785	1.74664746054492	0.343732250877342
2	22019271	2.80668762495617	0.461078279493916
2	22029650	1.17519145562382	0.281056528495694
5	56087062	0.282997554870922	0.102649163445112
1	11043476	0.726020629880194	0.208843398926046
4	43044057	0.136023228713836	0.0213787865574588
4	41006528	0.497499873315289	0.0783738754098624
3	32052018	0.0828814884001905	0.0180200781440406
3	31004682	0.0848908917250271	0.0241505042106768
5	53016026	0.100184568823528	0.0182369734494738
1	17028005	0.608831218510546	0.138579050142048
1	14013913	0.696618792961208	0.191234211369782
8	82012965	0.144625155435835	0.0273546118475427
2	22022196	3.1613765203032	0.371327920554408
2	28017963	0.262396271720218	0.0541295382836529
1	13026702	0.0899772681937391	0.0187474070595127
7	72018796	0.0347951443834639	0.0114711420720311
8	82037433	0.0833209267950409	0.0266898537080402
6	62079423	0.0931484481318575	0.0168716994378003
6	62030222	0.183889837830309	0.0408537817127517
5	56142182	0.151780415814657	0.0329486574123555
4	42036389	0.15976467619783	0.0407813072597617
8	82018618	0.0944942200532397	0.0159795734469465
6	62129116	0.24711151985989	0.0627081217731558
1	12054508	0.47308081214248	0.125386771181597
6	62025134	0.117426667650889	0.0281492005769821
1	14004506	0.634307509133184	0.185095367613491
7	74029940	3.66565140024894	0.730610392925057
1	13034668	0.079134291060671	0.0143744455420596
6	61020404	0.6057892908607	0.131535248633654
1	16018780	1.0815617137598	0.290817250064835
1	13105101	0.213897428845082	0.0503424240604696
3	32008099	0.0822318919234769	0.0214911867433873
5	56132473	0.598659719547885	0.218149147591048
1	17035316	0.61219469144322	0.147700806742371
4	42016761	0.113881977425442	0.0368374638369073
2	24016264	0.147422943645941	0.0314286265536968
4	45086143	1.80378059504846	0.37414987766248
5	56058183	0.489094638692676	0.167849707614563
3	34024687	0.0792683057742433	0.0219229309640636
2	23024329	3.50368760793905	0.596804946622548
8	81009351	0.1418104952289	0.0446301069134389
8	82017837	0.0909352036310176	0.0277245579257426
6	62149738	0.505798850445678	0.106503122006058
4	45019521	0.603778289986226	0.111605798946647
1	16037110	1.04518299296271	0.240455481611866
7	75008412	1.74354605766009	0.463175327437506
6	63005075	0.343342087787023	0.0778912005044303
1	13035535	0.0850756915266532	0.0186142494884536
4	44035041	1.0216744716208	0.257268800508935
6	63020970	0.27915323754175	0.0753728936200001
6	64057642	0.631562956066471	0.138950185209695
1	13017732	0.124923454844452	0.0211173362009417
2	28026470	0.647313305914468	0.162828865139069
6	61041510	0.104731027692869	0.0231525647928332
5	56166740	1.02130491631859	0.289458698886677
5	56172488	0.0727998582530285	0.0203429004272571
5	51007755	0.287316583652919	0.0480901037603615
6	66017386	0.273861795542752	0.0672144844816626
5	56096297	0.409851298056704	0.141834835673776
3	32033769	0.10184331990477	0.0341746470555974
6	62148828	0.0957555111021004	0.0183079896905415
8	86003594	0.112339610626123	0.0356280082674798
5	56165696	0.12246346857355	0.0654649863211012
6	64003475	0.276205539372046	0.0535408695067661
2	22031505	1.81230992073598	0.345094868182307
1	16009799	0.52834583459697	0.152287622251682
6	63039845	0.140738041979481	0.0229655509146726
5	52023684	0.291781229911699	0.0500247699326126
4	44034253	0.132412115346846	0.0228636718246148
4	46049274	0.278409080629597	0.0620323630951094
6	63026119	0.245101744921968	0.0729236998558885
4	45083086	0.3169860970258	0.0651905263857193
2	25004770	0.0389044082897421	0.0113229153591025
1	15092384	0.309419035523248	0.090915835548451
4	44038104	0.285205697898581	0.0446319822148605
1	15047463	0.711852081352692	0.203195953469166
3	36006854	0.247160626605594	0.0600300452058995
7	74026524	1.58401622451152	0.306749261800568
4	48022814	0.243188806207507	0.0651832974135593
7	74036368	4.54321769457979	0.676286235727731
2	22044823	0.170457659410048	0.0305076846214836
3	31079172	0.728101527592968	0.161103550649007
4	48005159	1.56228822829992	0.391243960819414
1	16034094	1.17636958353433	0.253899168851324
1	15019679	0.648259916522697	0.165063122952407
2	23009152	7.10619502292154	1.31592274849938
1	15085355	0.752068694546643	0.229691173156426
4	42031150	0.10442642426115	0.0311309650466682
1	12046437	0.2690371451115	0.0700150156821331
5	51003361	0.254181008818816	0.0489920360981864
8	82008292	0.246858388164826	0.0633399388846321
1	15070876	0.726621641525606	0.194631159294814
4	43082675	1.08005617150607	0.22918726229656
1	15121796	0.487317638430018	0.136975625530282
2	22022655	1.4206640364445	0.215474276806248
1	13051728	0.151681993159079	0.0434303657378204
1	12061794	0.104558046075707	0.0294429124606524
4	43059172	0.341400807650729	0.0468272543307366
1	17006375	0.494896757574009	0.16006319538602
4	46000936	0.260609756124428	0.0769384883745652
2	28057426	0.447368588959873	0.149659539687633
7	73007477	0.670013397188159	0.153308785775651
5	56131525	0.411482080740653	0.12863292677038
2	21020225	0.524439921742865	0.133317521492148
1	13061191	0.131852988197921	0.0255736336190067
1	14057079	0.265224596413915	0.0683669584616425
1	11000727	0.499946681898918	0.147858511742924
3	35042398	0.0933962770543067	0.0202298252236411
6	62091083	0.0780399148126668	0.0148416721312768
1	13024192	0.0874584074412974	0.0192342542646012
7	77043283	0.177874286001219	0.0365859850394189
7	72026381	0.0527088730765633	0.0151279441531381
6	62116821	0.0930632811098453	0.0192917488637298
2	29015442	0.559328837678458	0.146429303928216
7	77000566	0.145897786897626	0.0493717587792581
8	83021579	0.0548974399802623	0.0157802514731033
5	51003206	0.13306271860103	0.0314843242398986
5	56095357	0.215024611266327	0.0748643993027571
1	16000914	0.266561221481343	0.0808977919584163
1	15116748	0.43585983608613	0.133000696610412
6	62007016	0.0686498123543469	0.0132742193356107
2	28030310	0.305410608295263	0.0650236895772719
2	23029652	1.4936358312473	0.312751637572613
1	17035225	1.32371606121921	0.266379555232684
5	56011257	0.115764687208255	0.016784287229412
5	52013962	0.196967600602674	0.0372960124427201
5	56075648	0.318636340992672	0.100530331159183
1	14087672	0.100735918640983	0.0184133439566864
6	63001541	0.640767171102176	0.162629426932343
4	45003298	0.239692071897446	0.0449419492712311
1	13059899	0.349299716578551	0.0748503911107557
6	62132152	0.210775780883034	0.0470970741173923
3	33000338	0.134357800355763	0.042280919084414
1	15023730	0.709708498075233	0.190732240466411
5	56014194	0.136413499853573	0.020028077757791
1	12035365	0.147691380410884	0.0256451583251164
3	32036962	0.0826913182466034	0.019979630119014
4	42012262	0.0868908298726888	0.0254561635598897
6	62079180	0.0788741804065669	0.0111477098132113
4	43001994	0.964843072668574	0.187053109983324
3	32036658	0.108358347477822	0.029131926793623
5	57001829	0.284593056097224	0.0467917761095852
7	74022038	0.268326411591877	0.0691328169586566
4	44045820	0.376631747689804	0.0700216762061747
7	72023789	0.0178832579792824	0.00396571306918033
4	42030699	0.500467826696518	0.114068860203532
2	22005630	0.677420791220355	0.168807171751122
5	52017444	0.363959629661247	0.0881062907634175
6	64076799	0.287764361434202	0.0496481121901791
2	29052149	0.452286042725374	0.121351578854348
3	31070098	0.246916344185861	0.0700137243551962
5	56095731	0.209524729249211	0.0713487853970308
8	86002440	0.224238724833746	0.0701771029732483
3	36005028	0.219141773880688	0.0560021788597617
2	28052449	0.72606407921623	0.223032993707246
1	12048437	0.334495128768656	0.0919165681085205
1	13078036	0.154692012282703	0.0400708144019982
6	65019737	0.141855353205303	0.0414074800744467
6	62042346	0.0852778602059026	0.0222537010515255
4	45053302	0.593691278500172	0.117407853038936
1	17048806	0.452973175392228	0.105989383796213
4	42061018	0.281327674617949	0.0641200429863815
2	25011361	0.0783672051950542	0.0136022752893124
3	31050585	0.392230555075299	0.0944073659969411
4	45009226	0.549016187150204	0.131113857146033
6	62019832	0.119575593195258	0.0258286635939932
6	63023537	0.353939706190493	0.0898836802824091
6	62120268	0.173305822315185	0.0415186556212318
3	31050254	0.156700322290584	0.0392129613476708
7	75045463	0.311378614137378	0.0725116207051993
6	66006185	0.566885641642692	0.171199657378802
1	15112845	0.977612666142771	0.299030343183865
1	11002654	0.951113163607702	0.268803530370651
6	66006694	0.31133535739448	0.087223773975826
1	13083728	0.121932961710859	0.0235321550088251
8	82012365	0.0630451827565953	0.0162074154092924
1	16009500	0.79184626030169	0.223431355645262
1	11055838	0.32217161375081	0.0741513885690586
4	42048480	0.122451051185331	0.032367199039292
6	64054295	0.10903512122897	0.0267310547368106
6	62060886	0.15427837879177	0.0346544130394518
4	45069297	1.2805501888398	0.266529800596834
1	17056821	0.511074542666886	0.110102550880056
3	32052423	0.126481241700909	0.0286271971617145
4	47005384	0.331524174683119	0.0883405788364334
3	35046417	0.113991632027018	0.0215744686629773
3	35056553	0.0661943752879535	0.0199889163433918
5	56112126	0.508137004282668	0.168166440863412
5	56113488	0.523961540292907	0.18359178384383
1	16051445	0.300613025369508	0.0635242538972824
7	74024671	4.57699479217419	0.590587742579536
7	72032477	0.0997589810614388	0.0255610540980834
1	17003668	0.583771600545256	0.16019314172029
1	15090190	0.351834655922967	0.115462414934919
6	62112223	0.163538399310673	0.029897035856674
3	31016181	0.0980865822480436	0.0266636462076413
1	15055130	0.455311851921791	0.134477409801138
4	44030234	0.356823728312442	0.0804059259755229
8	81015689	0.117187731174349	0.0270369433261272
1	12032328	0.143765329807139	0.0348683281341176
7	72015641	0.107961955351082	0.0329706438021413
5	56145248	0.24516735774878	0.0814719124902176
4	42050844	0.597942072592004	0.123019076500848
4	46011378	0.435418046951624	0.107502436582232
3	31058515	0.325062811661222	0.0796182798556468
4	43053631	1.17619181368327	0.234130734180818
7	71005153	0.0848108400832628	0.0277255447434185
6	64037862	0.724632693913917	0.157068502482626
7	77020493	0.577054825613452	0.146845366509668
2	22026520	0.391702849376087	0.070763555066261
1	17052243	0.357981444895955	0.0971650634919091
7	74051740	0.941203955491063	0.1687649207699
4	45027038	0.0782739184076366	0.0148976099850693
7	71027466	0.519947560208671	0.105762987777877
4	43027613	1.08808207971087	0.20522054916266
6	65021437	0.109391923936709	0.0323180744753281
2	24024892	0.098975583341072	0.0226626909306804
1	13037256	0.0997457757454898	0.018650869859309
2	21021072	3.79509254706075	0.91084560847517
2	29089533	0.667443934850771	0.18199554072737
7	73010811	0.943169791761376	0.200783698921133
4	42037139	0.660081568431735	0.158424832319759
2	23025552	0.363017228667817	0.0641429594949973
4	42023337	0.112579524802541	0.0167130746365138
2	29100499	0.972903937659347	0.264181541761814
3	34047328	0.07115425075764	0.0207242353975843
2	23011115	5.68680984330792	0.459105709174312
7	74002346	0.532516840030022	0.131865320712014
4	47016280	0.511711212574246	0.131329487507904
7	71042613	0.0479509129688745	0.0109397713322338
2	29044819	0.723053453026368	0.188212770906281
6	66021186	0.131514933803126	0.023217139820267
1	14081481	0.322497846217452	0.0819087860693687
6	65014379	1.00216183901909	0.300105854874801
6	63002533	0.378970643079763	0.0693146136354078
2	29081962	0.927788021030605	0.230531813630682
6	62074773	0.0839501605565684	0.0183661425199949
2	28041504	0.617276666078976	0.182472523239789
1	13002226	1.23355552245071	0.259335630507369
7	74045802	0.431688324874499	0.0425744618160996
2	28052795	0.720833132408786	0.184448148709097
2	22035487	1.90495957500922	0.452874312738764
1	18011816	0.138400940925472	0.0295748898535983
7	74050788	0.622321335877954	0.0940180835011155
1	13051740	0.105130969003858	0.0198892109150662
5	52012766	0.167305380021759	0.0287113978287247
2	26004659	0.174220896190756	0.0531433534688671
6	65011165	0.142141032609158	0.0382420570091824
6	64054937	1.15094222730281	0.224152199853615
3	32043060	0.0618089249775633	0.0147922573990952
3	35022375	0.103881008597729	0.0309042500986398
4	46027778	0.753457803327381	0.220372587069029
1	18010297	0.170198058632087	0.0375837050981313
5	53009944	0.0776168213532242	0.0203774119452835
4	42060187	0.633836121457759	0.177897743431496
5	56088567	0.205063381983404	0.0721651375892956
7	74007895	0.125196360754025	0.0173020715563916
3	31009400	0.0925343274554323	0.0257319824099359
7	73022527	0.145333096721234	0.0352509030891253
2	28059738	0.75340599531475	0.153805854554565
2	24022177	0.129011160764073	0.0380430533834957
4	42065137	0.530406141856252	0.0823798090604397
5	56035558	0.326681343710829	0.0971676646501129
2	29064860	0.423193161043802	0.109954450125682
5	56133111	0.166484948658532	0.123515938921416
5	56062546	0.350274075805565	0.102294413027797
7	71012350	0.0662421460782106	0.0201474915346254
6	64071893	1.00427761142154	0.222146816649866
2	29026798	0.275846849167668	0.072566840672127
4	46011234	0.66396863014135	0.161648266516749
2	28028643	0.447887138181431	0.092312556008141
5	56022423	0.46552091477304	0.13158897097152
1	13062348	0.112537819852121	0.0212113383213911
2	29062552	0.44419740123153	0.123418089538979
1	11006118	0.303270358944651	0.102682055319024
5	56019652	0.608552455932678	0.174236808257166
1	11024088	0.95349748883234	0.238284922838284
7	75019923	1.06153153696287	0.309078278109146
7	72043036	0.106348144765428	0.0230735690472338
3	31017273	0.0762620148786352	0.0216939633987804
5	56038411	0.29926732341992	0.10782372829296
5	56082842	0.228069136867367	0.0849775970227479
6	62024731	0.123251853532195	0.0320256529416199
4	45053336	1.5074300772346	0.342108244502006
1	12044506	0.36586855111768	0.0934783168909365
6	64046988	0.753202049454436	0.152370760970084
7	75004597	0.28004792824439	0.0512811857431902
2	29095181	0.832559864386898	0.210707115948121
4	48019148	0.63132464979017	0.164925863909183
2	29067763	0.683076024068111	0.172720442002664
1	11030012	0.800685159440343	0.218273869503031
1	13079068	0.133193235344891	0.0292646125716954
8	82000426	0.159386342716166	0.0471472650147581
6	65015785	1.0796242854989	0.218423617103239
2	29011434	2.84565745201114	0.663443074215863
7	75039503	0.145968843175579	0.0299533569777796
3	35031529	0.0980286050030629	0.023573497723256
5	56074290	0.217716032027462	0.0872317900153266
6	64014854	0.404893249381035	0.0953617173729963
2	29121903	0.76702673202979	0.204685274183872
2	29095173	0.344560331926839	0.0842317731373714
6	61015579	0.0944564816679563	0.0167245247400839
1	12021034	0.789556535373751	0.172429205686383
7	77043658	0.186725997827902	0.0354099833037115
6	66018821	0.338532312070854	0.110598274907986
3	31037113	0.0714014738979342	0.02015342954699
6	64017068	0.223454981911598	0.0556523384856963
5	56156287	0.487570103955251	0.16973755834837
1	15053466	0.320312308570995	0.084853688391333
7	74060842	0.149465336204297	0.0602210119644417
3	34048998	0.0951104072464182	0.0201325564997542
6	64045383	0.181097207659835	0.037735506611253
4	44011354	0.268823906245539	0.0410393471430007
1	15127306	0.816368147714419	0.229827519362472
8	81004321	0.133289048617788	0.0187419363747974
4	43042660	0.216743420802368	0.0419075458711568
5	53006425	0.123550986776893	0.0202684213278467
8	82022873	0.163567276339592	0.0431955991402522
2	29012986	0.576930303399844	0.147624092493711
7	71007033	0.106781407889512	0.0313568860428924
4	45043187	1.9376283660769	0.452571671728171
6	62054375	0.142524184891394	0.039499829065919
1	13036159	0.0840853235231981	0.0182439775401495
2	21019535	0.197007699856839	0.0337419170469911
1	13000414	0.174891583863844	0.0406015136157388
1	17007661	0.758004855670363	0.211526218589005
1	13018706	0.182787441149828	0.032703333300145
2	23004251	0.690129979034872	0.135500009176989
6	66010350	0.134289305589531	0.0347853638251042
4	45047647	1.15707644732801	0.255528132446027
1	11032222	1.17128966226779	0.306367533035656
4	49006925	0.155851680421666	0.0402615163460631
6	64002650	0.269840309028398	0.0644370578365693
3	31049803	0.44051348533027	0.0924916424516897
3	33002904	0.0733041730236551	0.0177054906449493
4	46034183	0.219067938661369	0.0638973757312566
3	32011903	0.0578375379239162	0.013987376223446
1	12055927	0.61678391346773	0.187405025964889
1	17060267	0.129516788931167	0.0210915635854265
4	45024501	0.223750876947986	0.0353972873576561
4	44047173	0.594713063211961	0.11604353301735
2	29047406	0.474946607563747	0.128862129489485
7	74034201	2.84437249053939	0.442024532338558
4	42051798	0.764315662196578	0.185814412181584
1	12054413	0.455601592976785	0.119567670372583
6	62025278	0.17994661412244	0.0476352638235092
7	71014378	0.1864338297331	0.0509032790356526
8	81029186	0.0873307623538407	0.0225909738606759
7	74034521	0.687837266400509	0.0582583817537802
2	28069379	0.482949731075548	0.161673964336343
6	62001836	0.112174129917449	0.0254772229224799
8	85007841	0.0486429110993424	0.0138231737017012
7	78018723	1.39421582134382	0.380638358123135
4	48023660	0.177669553414812	0.0422531057580092
3	33001185	0.0293640577482478	0.00824325860905613
1	13033929	0.384384933863121	0.0795343962303521
7	75043249	0.505601013533941	0.107714457867446
6	65004496	0.468386564821753	0.0950106974479294
3	31081249	0.408670937799879	0.113844593894588
1	18003511	0.145201014671315	0.0272217403845108
6	66012372	0.110320992783502	0.0212757028634921
5	56004824	0.317818077163241	0.0744873469104561
6	63034868	0.182772095043309	0.031184098675887
1	13001842	1.33587004695565	0.313290666093613
3	31006657	0.0896206611715032	0.0262927514980459
7	78024717	0.255416856211719	0.0665967558257562
6	61029526	0.305433221401043	0.0777665843791386
4	45090348	1.17089992030843	0.244695887982872
2	28055581	0.801585138262958	0.203010535729665
1	13073329	0.237131043732064	0.052920692440168
1	11067904	0.190148868447887	0.0477761412156158
1	11028678	0.202654426368363	0.0544232035636375
1	12077146	0.308856334242308	0.0734934021382728
6	62039605	0.0853542356392714	0.0182406977381327
7	78020739	0.771316345806628	0.20921148131787
4	42039774	0.158222741315753	0.0336845946573767
2	24033613	2.69557241900373	0.352135194629877
6	63029332	0.381535339647691	0.0695729063612789
6	63010800	0.455228855814039	0.108679600210289
4	42038600	0.894277701166122	0.201883220536836
7	75043355	0.188427987380548	0.0403764718171292
1	17005278	0.88984482570623	0.265504134331589
2	22041613	2.6409304945515	0.565793550559389
1	13002569	0.136820203439815	0.024526982459932
1	18007259	0.179933794000163	0.0430395700832891
2	21022419	2.28586694171445	0.454784319105571
6	61021241	0.0941699299231835	0.0217092503714974
4	48001463	0.741924525845193	0.155812919707998
4	43030612	1.67872905121646	0.38581620573099
3	32006038	0.101012123745236	0.0220088826230687
3	31056820	0.153144075019794	0.0474068138227822
4	43004571	0.967989087826585	0.238892569678884
4	45029312	1.25026715685085	0.350862865270128
3	31032965	0.091540239362178	0.0199403529820726
1	15088739	0.499743448454253	0.144966146709001
5	56032442	0.646681526907454	0.209799958616393
7	71004856	0.0824171518107547	0.0257011352052566
1	12088461	0.331175761693824	0.0853515123183156
1	12082052	0.829477242470188	0.195857416122031
7	73012420	0.527848330622417	0.0917715200858867
8	85003256	0.0506292972348567	0.0134208144257242
5	56056064	0.269237617243417	0.0835610826729428
4	42003573	0.162385877037204	0.0478579828980408
1	12035757	0.307102280461473	0.0876743886886276
3	35037890	0.149571391650712	0.0303757531248375
1	14000544	0.222650182759982	0.0756437940165595
4	42000816	0.0848962404477383	0.0245727369427508
1	15052742	0.504549176112519	0.15380005021276
1	17049574	0.485326046201293	0.116847126779085
4	45072647	1.44012621604771	0.379385337405283
6	64017602	0.273789208986623	0.0391862937100443
1	18003286	0.189842815575868	0.0411992025043802
2	26012654	0.0546131686937303	0.0128020228064249
3	31011047	0.116903647212258	0.0325656000888147
6	61044376	0.0684032389365687	0.0135531309833289
1	15087643	0.425626368314982	0.141950519694966
5	56004623	0.294461274373064	0.0674460800038504
3	32042335	0.0548905882208974	0.0160524692181329
3	35051076	0.106887229208707	0.0207593022045704
1	11003075	0.670156132836922	0.191777627074443
7	77055844	0.28629423310445	0.0534861305763995
2	24030818	1.04392168544204	0.184100416358741
5	52025260	0.456748689286888	0.0994205604928405
3	31038237	0.219254716948103	0.0611892660440533
8	86004458	0.174927238871319	0.0426121233268953
7	71001058	0.0399884647277434	0.0124758734174002
2	29094461	0.952720277088643	0.263982772512755
4	43068655	0.929591746648716	0.194280255213947
1	11062442	0.144011883349101	0.0292746515054872
2	28030673	0.585939405708843	0.131955416837991
4	45069254	1.58510994128104	0.390512440566824
1	17067126	0.498414279255261	0.111796963767067
5	56117127	0.373006360321688	0.118684253731358
3	35056263	0.123025733216821	0.0201073443454343
6	65003502	0.496161978122081	0.125452392627693
1	12014369	0.197518507151716	0.0464954084403663
3	35006186	0.222919717211025	0.06430913044054
1	16018934	1.25215961169331	0.344847263303069
1	12099051	0.444380609450872	0.152140070134024
4	45076374	0.735238894175641	0.155213972766487
2	28003443	0.101974240793101	0.0254139715914978
4	44018996	0.275182992995105	0.0513941213967635
1	12028631	0.220324895732764	0.0572059083520595
1	15113955	0.488189694308298	0.168147292281864
5	52012832	0.175894057011486	0.0397230877477861
3	35023477	0.193577635505886	0.0509910500306021
1	12076640	1.50066091740069	0.273261762678371
1	17044649	0.816000157404429	0.176420399609302
1	15003028	1.27494800545408	0.333664205917939
2	24026754	0.225999640584804	0.0592111162560536
5	56053614	0.343085651441757	0.103675693192831
3	33011810	0.0700256779077248	0.0175549030961
7	72011523	0.0182869993733094	0.00563377133262769
8	82006765	0.0367598520099968	0.00980985418186119
6	62039582	0.10611487607485	0.0253870497786385
7	72044780	0.166909519970431	0.0369566956234207
4	42018492	0.175944394543963	0.0406703900971102
2	29021971	0.848243291990335	0.232855972165053
3	34039679	0.0858172929250675	0.0285681384281579
4	42041655	0.0916183354720241	0.0163399496857667
6	62058204	0.141729226709814	0.0266284685935415
7	77017310	0.481601173744276	0.129107937873989
5	56151205	0.136631275119101	0.0236691759442594
4	46044880	0.191916080415808	0.0522641439537899
3	34034178	0.144926842702078	0.0466731212577668
4	41002638	0.323640318125013	0.0755808852807388
1	17060780	0.150733255372305	0.0309861008031436
2	24009541	0.143514076801061	0.0419952872185817
2	29011925	0.744321593752496	0.182116133069868
3	35021708	0.0998617282088233	0.0238741598135095
6	64011892	0.555606212289946	0.152237533402598
1	15037070	0.804925026206089	0.213478426113935
1	13015861	0.173153660785537	0.0280143838146478
4	47021456	0.38394352685785	0.106898221797305
3	34027165	0.0914353821759501	0.0290803002369041
2	29045696	0.579450464021037	0.158215948670082
8	84001624	0.281766447746638	0.089929178833387
8	81002082	0.226176247040095	0.0752376844780067
1	15004647	0.87201703602895	0.214900296655575
6	61000694	0.332733150560154	0.0552697199172454
3	32007278	0.121657564426109	0.0298472487090607
1	14062389	0.359363586536578	0.0873917879209401
1	15070952	0.518152417327012	0.182092947138109
1	15023267	0.508305275175382	0.143671617403943
4	45055887	0.584547767423639	0.118817889930918
1	17037599	0.55899973813573	0.124802757897497
3	35030616	0.117654379283224	0.0319866752676173
7	77009294	0.424679658170198	0.116866523763202
6	64031306	0.255113294048806	0.0276225580751456
6	62059465	0.0652395802011809	0.016644850704755
6	62073317	0.106860078741149	0.026601861188426
5	56165497	0.846472037141793	0.269994378530736
2	23026738	0.148941221626982	0.0253129712377502
4	42013482	0.122902268526302	0.0230005883782951
4	47025897	0.386130628616501	0.105523447126672
7	74049611	0.378712607510488	0.111745130468684
1	11037868	0.821341980470384	0.195439232010044
2	22005697	1.16166845960187	0.205350291312272
7	74027463	6.19755954501957	0.988878733235051
2	23024315	0.600500670535746	0.107068521164019
2	29026608	0.601791633221106	0.162939622643627
4	42017385	0.113995513694407	0.0296473904978416
7	74066487	0.367655753506825	0.0615740091604419
6	64070163	2.44831373415968	0.597639122932643
4	42006082	0.101866675373741	0.0237860516852265
5	56121659	0.336226738313136	0.106899728588183
4	43001147	0.262679677817929	0.0580107075204446
8	82029353	0.092248236136364	0.032443438105005
7	77041173	0.530625854949949	0.154573750205656
2	26019156	0.0870917661711407	0.019072037113622
4	48002860	0.640200967234567	0.177154101835523
1	15082758	0.670583134986126	0.189541850885122
6	61028492	0.0846815721594721	0.0118900046724058
2	29043793	0.448834771970864	0.115975953102963
2	29066855	0.632243905801987	0.180542264076343
1	16012702	0.857178197470427	0.259388549422765
6	62062448	0.15410413060344	0.0336553461449371
1	13064753	0.13537471788661	0.029871352992168
7	74067887	0.290837235951139	0.0584191970475445
2	24026282	0.960022200355179	0.198381631354609
7	71043367	0.188025990195444	0.0518950161169453
4	46012992	0.445562072287225	0.0824915789655884
1	18012109	0.406971291233813	0.107064646214612
3	31073579	0.087634458294377	0.0239867886278692
6	61045895	0.0934238218156683	0.0193372952619358
7	74063957	0.477801792542923	0.0744415397433525
4	48032596	0.240172241176814	0.0602420149801232
6	64006016	0.236800143123177	0.043515220806255
1	15003236	2.10249133125374	0.503242855007236
1	12054835	0.275633101001094	0.0642188854103312
1	14040419	0.624276586321241	0.138044012356487
2	29073354	0.821275991476404	0.225546123023418
3	31032439	0.110303781493674	0.0287574440398011
5	56096290	0.40504748097011	0.155986694024977
1	13059918	0.115823991670435	0.0255037987359457
1	18003492	0.129880527336447	0.0246420910029181
5	56139625	0.338814431967013	0.10376438392245
1	17053888	0.247003405472656	0.0604751420307142
1	13032008	0.090564947587187	0.0202402037569633
4	49003924	0.231359694468634	0.0611939528863762
7	73011977	0.265456152024335	0.0226992614520226
3	32025298	0.11118870106438	0.023929560132562
3	31035786	0.0821279933102012	0.0209636067978736
3	35061517	0.154999182483286	0.0243346276229785
7	74019907	0.878495687642717	0.15917589863983
3	34022466	0.11982926285132	0.0227411303236694
1	14002949	0.705587462574023	0.195058270480855
1	11056631	0.179788345049814	0.0493549879864968
1	15130085	0.736550841377723	0.201705845606633
5	51009649	0.919804977316815	0.192867610641039
1	15042510	0.630854863150334	0.178789308708224
1	15074986	0.55269926410988	0.156564231208128
2	29028816	0.517273812615213	0.136118711718778
5	56079622	0.423382652941817	0.156429393348211
4	48023255	1.03262754540443	0.27544905622164
5	56164198	0.458555255050297	0.119483440046389
3	33019694	0.097686534502237	0.0251812376791565
7	71022165	0.129196834310079	0.0271573492596408
4	43006607	0.866472435017974	0.226018645844296
2	28028493	0.681731942879164	0.159717141819273
5	56031213	0.409719204431222	0.13750203763794
1	11062050	0.303652704465667	0.0664542310685653
2	23022259	0.360445306416106	0.0734125954968851
1	17055641	0.52763696972522	0.124507215076144
4	45036565	0.63845382728161	0.156919357829048
2	29021700	0.614555802078868	0.160596743591004
2	29108098	1.05690411726237	0.2720025778902
1	12019359	0.487989762070419	0.108603587699661
1	17005048	0.660266216869268	0.207705378363108
7	78008287	0.226852351223265	0.0651236515820626
2	21003338	3.75830941637309	0.646704927664579
2	29059564	0.515078697071707	0.134717200510496
2	24017798	0.194896445914551	0.038091743803029
1	16001160	0.192187294654455	0.0645028786695736
1	11067910	0.140219157433305	0.0364315380192293
8	82039620	0.139131065151844	0.026385485036436
5	56030444	0.395876785253587	0.128952885212488
1	15080215	0.671857558036314	0.183134451510661
2	21001572	0.203577525879796	0.0357939477515502
7	71033733	0.0425128103927382	0.00955597332417537
2	28049045	0.678868868195538	0.193427493597965
1	14067880	0.654531735742701	0.136759446142804
2	29045890	0.649522581550075	0.166979754925361
2	24024803	1.00744100400142	0.222085507538327
4	45061771	0.239185868415964	0.0431397331503073
6	65004578	0.438955655716573	0.103793168206458
4	44038654	0.887487098117833	0.173392177776931
4	45016660	0.0768496458113032	0.0156199110122021
1	13076367	0.169054747280616	0.0392277162528041
3	31018514	0.0706149373347135	0.0175239139723374
3	34013933	0.0395204952370699	0.0089672897079619
7	77025347	0.246279087242341	0.0572254050516704
3	32056037	0.211921202144848	0.0621020405645573
3	32034701	0.0860384670668876	0.0166188518883806
8	82042005	0.159772795973281	0.0396407617981589
5	56045882	0.223628964084217	0.0772269086975059
7	75042394	0.144181356241434	0.0329608110491619
1	11033798	0.798053843072035	0.179698290371002
7	71000386	0.0653264877574693	0.0184975080228614
1	13010025	0.333078595635559	0.0752223834150521
1	15045774	0.593461139470191	0.176934283176585
3	34028251	0.0707834793810938	0.0211334454561612
4	45048626	0.486285196998691	0.0982060505464571
4	46016560	0.906071541163301	0.233358828337613
6	63031811	0.430941689500328	0.0936807936027669
1	15090207	0.44305055136196	0.135842907918679
2	23000617	0.523379909035821	0.118799327670203
4	44047083	0.459021508623038	0.125910487998509
3	31016183	0.119030035473015	0.0314993096895926
3	34011085	0.0561680873708187	0.0161428950427631
4	42046564	0.426390552104741	0.0957203340542629
2	26015720	0.0973054470038984	0.0211369895682688
4	44020262	0.25894962845771	0.0438311702162686
2	23022969	5.57736878637499	0.796675066277152
5	56129285	0.402141852638518	0.125686002291091
7	77016970	0.507548525391452	0.112265826412715
8	82038918	0.103662164323448	0.018945923534095
7	72058057	0.792371701775539	0.177928666728547
1	11061142	0.183897263982091	0.0314705027624805
4	44005271	0.203183261321808	0.0354082850710121
2	23009969	2.20137299951404	0.434181299653182
1	15069381	0.560118898600331	0.15971118006472
4	45026350	2.42064151657345	0.626036047605317
1	12077548	0.501980510726793	0.142162229282519
4	45024404	1.72696477444869	0.438666236075563
2	23003024	1.45877516397897	0.259791006944233
2	28035163	0.875347268196086	0.22405265000873
2	29002737	0.59996158587707	0.111622332428583
4	43096649	0.222579314663969	0.0330133238302678
1	15137738	0.922599959272005	0.260247068227784
1	11043213	0.500288376450176	0.135819019225467
5	51005574	0.20103053781988	0.0305554257793657
2	28074666	0.79706999339842	0.200646557493851
1	15068135	0.385316632552972	0.122113451008622
1	13019231	0.203950820020995	0.0296025977899129
4	45061953	0.761649767279619	0.236836195878604
6	62120737	0.126244045162628	0.0268874297752864
2	28007309	0.239129813297609	0.0671318478615435
3	31025725	0.175349293110871	0.0478898226230175
2	22002479	1.18073019499642	0.25540442092813
3	32009162	0.0581531861903648	0.0133190315181038
8	82003696	0.128008043701193	0.0348343438035453
4	43074496	0.9300670073258	0.152814855529005
3	35007403	0.216875404369166	0.055775614248235
7	77011893	0.486813860707123	0.135567485715808
4	43009286	0.713981357073021	0.185668094311309
7	72023868	0.0115493302769567	0.00226671015450504
2	22046795	0.295746759812402	0.0493527640532589
1	17002764	1.02059009971125	0.269114516974529
6	62114351	0.283921532131098	0.0736324337574858
5	56106345	0.36094656730828	0.137180232891842
2	21012466	1.33640796437555	0.271734980817226
4	43024745	0.0979090443747512	0.0227965610285795
4	44016511	0.421405282611913	0.0673999499395773
8	83006438	0.0751965549134832	0.0212588714185649
8	84003999	0.268240973441112	0.0840460096538521
6	64016531	0.731329938431163	0.151376681898391
1	15114520	0.443937120817023	0.137156666227555
5	56007175	0.364304367437769	0.0897717267776005
1	13033274	0.0769455731495961	0.017026334913293
8	84002002	0.189265481421295	0.0591222628974289
1	12086525	0.193469541927946	0.0532861080021788
1	13070916	0.102983790859865	0.0241778158531907
7	73022678	0.178886167034982	0.0507470780487185
1	13015954	0.115095506641313	0.0208291109162521
7	74010801	0.245106175215453	0.061402230536271
1	15044257	0.345398054130848	0.107788435961655
4	42061031	0.352859952836843	0.0861811511083024
1	15101105	0.722674596166247	0.218723027249347
1	12073524	0.255685004548687	0.0618372702810702
4	43084163	1.18013219912767	0.234716952738188
1	11043366	0.347661838504814	0.0861983522299461
1	13058379	0.0809684668308977	0.0165005808114029
2	29042949	0.685989369984641	0.185162912757746
1	12087546	0.519174464220902	0.175939528622831
7	71040648	0.0956525422675426	0.0260756527415773
4	43019664	0.510791120090165	0.131029218452764
8	85004721	0.0800537165515382	0.0177634853248658
4	49000202	0.301403832135912	0.0818300462068186
1	11069942	0.188049308066424	0.0355284109580767
1	16036929	0.29380645196382	0.0819664229624178
6	62137925	0.0831146673475722	0.0200547566564258
7	75006984	0.256144402711148	0.02839934213812
3	31016856	0.125194151925872	0.0316575772276393
5	51010271	0.406420364880354	0.0898139748029112
1	12080077	1.20886682633315	0.263059564934827
1	16030538	1.1634019324279	0.23821540093971
1	14050947	0.360889037777316	0.0706562669923745
2	25010719	0.456502992041367	0.0947011231399392
7	78018677	0.26687932941336	0.0492948516274589
3	35050298	0.144423580722966	0.0321458646409169
4	43003691	0.516946017443285	0.150173290753915
3	35002447	0.0748611367086576	0.0241266309263939
4	47020447	0.638335918311033	0.166785814819277
7	71014149	0.115423553427442	0.0315963303953754
4	46037204	0.600976011911984	0.118384270157814
2	26006493	0.0622830691582195	0.0150421247184723
4	43048890	0.205652938229114	0.0445554036493319
1	13078879	0.165431784254702	0.0333689794109104
5	56098870	0.311678852026519	0.111829397585642
1	14058261	1.46604602301063	0.314789823705164
2	29074096	0.634079527384828	0.171072244704253
5	56051285	0.403729138881233	0.142895036375968
5	52007003	0.128210447786711	0.0242562793939172
6	64060298	0.362837791324809	0.0823270658396883
7	71023872	0.118612379450936	0.0308430914831898
6	62080144	0.0850283189632918	0.0182919805003042
5	56080531	0.295595963770463	0.1048228404666
1	17022775	0.37478696430465	0.113601852208629
1	11070126	0.163918938517378	0.035048407985199
2	24018133	0.0527972243828988	0.0145316250227041
4	44001948	0.153736704579185	0.0425214876256835
5	56016371	0.402660772500149	0.128566267481306
2	24012514	0.076621716697591	0.0163295218223783
5	56136011	0.36173100295771	0.122129230069479
2	22011233	1.95734454391679	0.430426316204636
2	29118764	0.488576455656742	0.121800501441595
1	16030172	0.362256704648499	0.106653135984482
3	31018326	0.0718684830081035	0.0210425066510901
6	61024965	0.282552125605968	0.0825363317818576
2	29093515	0.747631007324275	0.211756138636504
5	56054379	0.278673331050368	0.0998463578715519
7	75013529	0.474728201017847	0.120276386060337
4	49011699	0.103837161035114	0.0241784778330894
1	16005969	0.835953763232043	0.226755762259664
2	21006526	0.466149419399435	0.07073277014486
1	11064639	0.11312205223711	0.0226169406793859
2	26019247	0.0727592989783061	0.0165576472641047
7	74014847	0.260340409235207	0.0566983236379073
4	46001227	0.138968105534513	0.036415034765019
8	82008948	0.0764403882421531	0.0232058097696635
6	66007846	0.376457799400049	0.106266954169205
7	72005634	0.0511547436259008	0.0151461508142761
4	46047592	2.36754279086704	0.604708245413491
7	73019171	0.125714356311933	0.0252269005459508
7	75009977	0.135674042494511	0.0192117004854248
4	45092299	0.534380260667621	0.0820240675560819
1	11024079	0.398338578682546	0.107163848732736
1	11017900	0.18305107086827	0.0466864561040313
1	17018568	0.476928095954513	0.135519560042846
4	49008468	0.137220352102573	0.0370574386824273
3	34032739	0.0691262984994827	0.0167654086030589
2	22041175	0.62720195672657	0.12029630596846
3	32021612	0.0781062469670858	0.0195318659422313
1	16033283	0.468900863788043	0.135023897509175
5	56164657	1.12257759762364	0.257604128434845
1	12042338	0.349248646766884	0.105396295027795
4	44029137	0.288790579701341	0.0571781880355941
8	84005405	0.210292562724936	0.0556713017779934
2	23002908	0.198795246507784	0.0468635167066126
6	61034082	0.168492572905176	0.0352374407697337
2	28047423	1.16244777086987	0.239586086784112
4	47010289	1.51890048334711	0.327489106132114
6	64070766	0.267383528253891	0.0504142890449389
3	31080961	0.313951663305973	0.0800626736664278
1	12053441	0.359808123635917	0.101361658753336
1	15063225	0.54155586921346	0.15455715170648
7	75022187	0.230177087384633	0.0424991771801906
6	63039748	0.218006800306942	0.0475461203852087
1	15104970	0.916462760761272	0.289384774417038
4	45095746	1.09964762221552	0.218248649581382
7	73003094	0.825677530425399	0.0909528978869999
3	35022788	0.0666354943480272	0.0197473550408331
6	63042714	0.25152383271664	0.0304989156778494
2	28035295	0.352264466527365	0.0842586043355277
1	12023573	0.128657951065462	0.0271210414576575
1	17005959	0.592124085283457	0.164299514603026
3	33009589	0.106304312249188	0.0317724089634643
6	62144485	0.12696657117049	0.0266378183495914
3	33004904	0.0879228524709643	0.0296860678461827
4	43007281	0.811623536980036	0.15441056732395
1	15060221	0.420781215202769	0.12908045651914
4	49012163	0.109899415023789	0.0267451239357495
8	85005818	0.0770390365826249	0.022396602011307
7	77040451	1.15491172007368	0.31357498056779
2	22050472	0.902438237549952	0.171614813009153
7	72027169	0.0338895379936108	0.0103216277795478
6	62048039	0.120220911528842	0.0252208998461803
4	45051266	0.315584550764124	0.0607374515540309
8	82038556	0.521059360422606	0.130832996574509
2	29033011	0.495216062554833	0.128571866349359
6	62091420	0.0983479854566437	0.0190473057988881
5	53008097	0.171535030215253	0.0361021047015031
1	12055013	0.444989064138544	0.111108958551844
1	14000040	0.345618057530179	0.113365411756345
6	62016249	0.0982862316245338	0.0203756102148619
2	24024845	0.185910616759489	0.0384884204624739
6	61017840	0.173476894751484	0.0410048296127851
2	22022629	2.24324746424729	0.278650203540938
1	17013162	0.430122697327276	0.143624622527765
7	72026324	0.0269006754541232	0.00747692597373247
1	14001369	0.272141310358877	0.0934955511378598
2	29116224	0.402828488820651	0.119101365804947
1	11009100	1.03329112754123	0.301733233065898
1	14045459	0.741640740534061	0.158234419122376
4	49002533	0.258805981285155	0.0715803584982222
4	43019057	0.889030841317445	0.211643995914054
4	45095091	1.09787526798481	0.267259402890723
2	22046934	0.822795734452043	0.127409850879524
1	12082303	0.405568725518107	0.125000381771664
4	45043246	0.641858801098255	0.154548919106553
3	34006159	0.057668992431641	0.013012441990376
8	84004924	0.266225364896173	0.0701035865813285
2	29030676	0.670361873377329	0.180700665503159
1	14034490	1.09075044207896	0.266502414938106
1	18001388	0.496874491493624	0.14319001546998
3	32031664	0.10150419869709	0.0201918483291545
1	13100952	0.116224222371682	0.0205554271380185
2	29001919	0.557724588238551	0.101679604269358
1	12069092	0.577734690462057	0.170583623424703
2	28014666	0.113547776807535	0.029755357397205
1	12062635	0.256984697973514	0.0568004826713862
2	24025187	1.28126394033371	0.27252675283116
1	14045940	0.64120477479496	0.13766080492848
2	21007029	0.56173453710322	0.0999969552042649
2	26004444	0.0592897173030359	0.0162532103430921
4	49008345	0.103604346949349	0.0192783575792443
1	18008500	0.175690993883925	0.0377276397061464
4	47017814	0.382753039524169	0.0954950632017129
7	78016439	2.02726665249536	0.337191308546209
7	74016077	0.192525139424822	0.0423255465881207
1	15109166	1.00956467081706	0.308254663615508
7	77022089	1.91093169796429	0.488088210420051
6	64019802	0.192387128730783	0.0432545713309846
7	77007731	0.245467294795803	0.0773812538720435
6	62102237	0.215405242634274	0.049553412289139
3	34029337	0.0921236470991492	0.0192652093502191
6	61010253	0.527985417314777	0.129580003960153
7	77001473	0.289460158135899	0.055305432428735
4	45070536	0.925666761768057	0.175793544918729
1	13078779	0.140732700434099	0.0316939101091904
2	29026853	0.690208243681745	0.195427142905035
6	61009340	0.140565279148661	0.0209713227525157
6	62121427	0.155053376655407	0.0337502425509471
4	43068044	0.855324738925383	0.151065136544957
1	13085703	0.123919818437795	0.0332824780460822
4	48015670	0.861819210713395	0.223183817687834
5	56041090	0.395602628628681	0.12933158252286
2	29008529	1.77686538503407	0.492352224078307
5	56140941	0.10821406101998	0.0188527770002312
1	15071370	0.753700216059271	0.217929001241045
5	56079371	0.284301833308431	0.100312815970152
4	43057691	0.910545899453825	0.188866034917691
1	11057677	0.604863416433839	0.151271553756909
1	16015618	0.579710248034625	0.17216339582149
3	33014574	0.0870161169772081	0.0244991415767127
5	52024802	0.446480257261716	0.0958530758909896
5	56142043	0.222224537672259	0.0695791555488616
6	62036341	0.074515723974406	0.0193592189337584
1	15109137	0.764864483492011	0.231440623607762
8	82005320	0.0756497858153181	0.0249181735161567
3	35058673	0.133692503512359	0.0310704944256435
6	64060242	0.996065284538026	0.232889526759862
2	29100354	0.852086169502733	0.246349238373092
5	56154957	0.294092565116522	0.05011135549825
6	62072979	0.0905758796400061	0.0234118446394131
6	64061149	0.320438261193737	0.0615300534761453
2	28060807	0.415810241037551	0.104854165909862
4	44039234	0.260687335197109	0.0477325048660986
3	33013966	0.103084912344243	0.0336336305013251
6	61011556	0.274058459943471	0.0423499877068532
4	43028971	1.95199060538885	0.426314073858334
4	43016829	0.790358204050297	0.194188455769255
4	43089468	0.358169167886518	0.0579727753052791
1	16035831	1.74342980870769	0.45752712678687
4	49003375	0.187631861677452	0.0443273125817727
6	65003116	0.485830164713641	0.140911964815756
2	26001792	0.137757451189476	0.0381002368253411
7	71046421	0.106225170641182	0.0239995135307817
2	24006431	0.118108423438875	0.0380262073370254
2	29101182	0.984566845087306	0.266837423403462
6	61037822	0.085584678961265	0.0128408478722768
2	29095616	0.883374978645597	0.24571599018618
4	44047243	0.548369632379938	0.106571171060856
1	12076871	0.229825726579736	0.0550118883910303
3	32045208	0.0310667624261501	0.00772811002663735
4	44019823	0.400557337877625	0.0591235392776102
7	77023108	0.797252699451768	0.195124986749357
2	28048655	0.462191469912944	0.125784161353833
1	12073452	0.209051413034232	0.0696914590671274
4	42062932	0.306399829003282	0.0549372275645165
6	64075444	0.306863116261207	0.0499459398260045
2	23004446	3.9951790733086	0.259148368047906
3	32025176	0.0990527500611353	0.0221053458628586
7	75020485	0.282097183217702	0.0871445461210298
1	16031722	0.666520982723957	0.156901784707068
1	13039437	0.0666609106877081	0.0153858717379596
2	21018644	1.48166299677238	0.243625533341995
6	64012563	0.109518750312644	0.0243930491326363
3	32034901	0.0885719507167833	0.0249504191610956
1	15100703	0.384479377829076	0.113055817053339
6	62097248	0.107382979748269	0.0201498183636289
2	24003645	0.09037578094081	0.014401472611116
2	29029297	0.621506481598089	0.155631967953905
7	71041380	0.39080671320554	0.0665011148177696
5	56063338	0.187223544807116	0.0693827623522829
5	56146478	0.46428899276888	0.118814406016649
8	81010519	0.135678020332876	0.0260625585969109
1	15070036	0.365099184598896	0.116984199915845
7	78014537	0.239287472929867	0.0513699173874577
1	14022776	0.633951490175829	0.176767657928202
2	28018982	0.247018468109073	0.0630478668787679
4	45065299	1.94873469304032	0.572652864039648
2	29046904	0.577661945162393	0.133385925830905
1	15063720	0.411170605096593	0.109348942449469
8	84001493	0.211048220495977	0.0540938771731907
2	28008489	0.237577305318958	0.0609733206811463
2	29113920	0.495556417529753	0.117324104202694
1	17005920	0.607712235469315	0.172531952085959
4	43092521	0.515459454038809	0.102552231253877
6	64042456	0.145385084947694	0.0320146904083057
1	14072965	0.936602459976134	0.214184159156228
2	29119998	0.514589000058001	0.128932742090635
6	64048664	0.9114235427473	0.198658631406237
1	15001034	2.1065848290134	0.465101465803168
4	47005550	0.13526733299811	0.0384747709978675
5	51010148	1.20941033341782	0.291286447982667
1	12079365	0.413037052883595	0.125497216033593
5	56133896	0.329796427982302	0.0686437593531444
3	35038611	0.0808346531085455	0.0228535928606365
3	35053276	0.125296449029477	0.0299826780410376
2	21011451	0.146827606224473	0.0303521107998041
3	33018262	0.0978181402028746	0.0283780952689143
4	48022862	0.272951289257256	0.0775228396087049
5	56006787	0.367326033188005	0.101034818646647
6	62091290	0.108962051150355	0.0177844198511829
7	72022264	0.00759040326704179	0.00166352246748801
4	49007248	0.164482155812296	0.0457041984481974
7	72057934	0.418505138003107	0.0741206835174108
1	16030729	0.6407729095285	0.152466818803543
1	12070679	0.312446164985479	0.0896097794209683
2	23002676	3.03914950870431	0.554220027108464
5	53016841	0.119688259686234	0.0205143601266572
1	12099984	0.471500142714468	0.13737013123958
4	45014603	0.0567497038208149	0.0141080142034817
1	15135894	1.20529019926614	0.36376060804873
3	34031456	0.101242730133828	0.0253188387752517
2	24011106	0.0559205338739607	0.0159145451643755
3	35007368	0.16461357277267	0.0331885772158609
1	13076796	0.175066514493512	0.0386199061139041
2	25007157	0.0418636628439386	0.0125812825266922
6	64047864	0.797422996920351	0.142105555352961
7	74010288	2.51898296249929	0.530578928693493
2	23030248	0.938333182658143	0.196802016163095
4	43090959	0.274514036097376	0.0334730196410376
6	62106850	0.169594156981859	0.0352575732060827
1	11033167	0.236632776474006	0.0712047022474228
2	26005213	0.0786938342496237	0.0200328507635636
2	25011520	0.0716418767946253	0.0170337514565938
8	83020220	0.101717260650914	0.0271412923337145
4	43059481	0.127220248929234	0.0317717263623942
6	66012342	0.096451875088046	0.0197358425619481
2	22011300	4.21877473249411	0.767139682748447
4	43055890	0.431205410458776	0.0599394220892141
6	62132978	0.16526161782508	0.0380095610336786
1	14026675	0.455416487299565	0.103137245276533
3	31016147	0.105505516071907	0.0284150383289563
6	64015100	0.270710822939253	0.0785357914807468
7	74037505	2.91343704495911	0.34798526764769
4	45102123	2.31948778468968	0.47043490831105
4	43055709	0.559042230137285	0.110134505990416
2	22028163	0.576533892445592	0.112467507165462
3	31064750	0.337476737537322	0.074277718989656
1	13043208	0.0912138918815665	0.017890205567794
5	56039149	0.228158782606773	0.0876310946646747
6	62081591	0.0922030343513507	0.0156564898013432
1	18011090	0.124250812966731	0.0211356912140268
2	21016713	1.64799560365879	0.315177836756041
8	83011176	0.0395282449710932	0.0123409609994272
6	61022631	0.110140750223923	0.0208584473283206
6	62062714	0.11367235759747	0.0281370338212485
2	24035212	3.10399543995348	0.471484483608476
1	11009553	0.664398007242288	0.195767721900215
1	13035329	0.0851162379530934	0.0160833434345304
1	11013111	0.84064843487086	0.236083540461796
3	32014998	0.106440390026654	0.0279111270108226
6	62038779	0.0777228857410907	0.0177100954472635
4	44031920	1.65299572890158	0.379987538718326
4	43069468	0.780546386451305	0.126002808608503
1	15005934	0.684110573525191	0.176315771637346
6	66011261	0.465652769718754	0.132349921587322
3	34018327	0.0590258506245112	0.0190225058657919
6	64077307	1.00489964086044	0.224141040138952
6	63029587	0.708305469023652	0.165268821332901
4	41003050	0.223180321165235	0.0361612706322464
5	56172122	0.0835074430106139	0.0204244707318151
3	32057373	0.153937231528807	0.0401542959955645
1	17051247	0.777084459713412	0.190722821874757
4	47017951	0.567413877238722	0.168813089009537
3	34019162	0.0856899312270648	0.0234233007520311
4	48018610	0.919247498118684	0.23415401782513
4	43085035	1.28497469094624	0.237548499949046
6	63026631	0.234153746676631	0.0416105358784758
2	24009538	0.0706905102325776	0.0235980949757722
3	34003969	0.100884931172815	0.0312977516484199
2	23031501	0.511433120579087	0.128348463767554
7	78016832	0.0838366204824083	0.0306173983124595
4	46021501	1.00769370442557	0.251557306358103
6	66006207	0.517737935753201	0.142861287301533
1	16031100	0.37398328402044	0.094654660750453
3	31041491	0.0908219163087494	0.0249480773731936
4	42019522	0.194189355175308	0.0524252617701378
2	28006821	0.339442063914919	0.0932399453274342
6	67005107	0.863600183151614	0.22824387593664
5	56016614	0.361486772257045	0.105370607894735
4	42033140	0.0762930993030435	0.0182388133544229
8	86002165	0.230288279949453	0.0610922017133605
4	46037046	0.592717261005912	0.15762550898589
6	62113978	0.149551825626437	0.0300116166293064
7	75025740	0.343867230222006	0.0666973923021038
4	43065937	0.220886091747671	0.0416994622249569
5	56027632	0.47874233230707	0.111258222799233
6	62115528	0.160691516429433	0.0387014858490151
4	45007754	0.428294217798678	0.102315441124936
6	61024227	0.312492795742441	0.0690379040069338
3	34023922	0.0627813505195825	0.0162646540490919
5	56170946	0.109677564245213	0.0305525707527275
7	74056773	1.52908242909445	0.199712155758182
1	12064084	0.235693647043508	0.0655432096151696
1	14060756	0.314563860765137	0.068207587203534
1	15019374	0.787768304832098	0.184502639753367
7	77011097	0.841955180283447	0.239562875728685
6	64043116	0.643408375849685	0.114162271036353
4	45005892	0.207507143652344	0.0536336923711011
2	26021921	0.10569296337646	0.0284588712640833
1	12042968	0.328399431842007	0.076564514354475
5	56159324	0.562953093082205	0.153231403184805
2	29104523	0.595164913770362	0.174013367295886
1	12012199	0.411196335745784	0.103578382204406
2	22004244	1.17207695851802	0.204284248126262
6	61002866	0.186032100535591	0.0337634791380402
3	35060954	0.174855153991011	0.0391630215356981
1	15073847	0.420504726701225	0.136749699924359
7	73010638	0.215026806313571	0.0345506927181923
4	44044159	0.542445448610885	0.103653784582522
4	47006788	0.197773558579533	0.0483435497568594
2	29036724	0.637358875470254	0.165870979015285
1	15061949	0.742094901802254	0.215847397002637
6	64063193	0.403827717357709	0.0789820620810535
1	18012516	0.277527133609146	0.0652207936697679
2	23029536	0.432264204370346	0.0800080057497861
6	61005034	0.536444901993453	0.111857437850722
6	62014653	0.104953511873417	0.0198145583147987
6	65011101	0.327656687392174	0.0688413582582798
2	28062151	0.813313745518396	0.197197904944134
2	29039328	0.868061182120555	0.237776134501894
1	13016196	0.127340740429795	0.0257886010022443
1	15058318	0.493512578866373	0.122355430655737
3	32043975	0.091317913165725	0.0189430172798271
7	75032894	0.183514962408292	0.0465276253336397
2	29019773	0.728880879849295	0.176520827436498
4	42040661	0.16703358291064	0.0430374145285954
1	16006859	0.660326224614276	0.2029032504331
1	14032544	0.325645298101263	0.0700242682791684
4	44047211	0.311928065768513	0.0553571713125154
7	71011989	0.10210715125054	0.029440589673956
6	61020321	0.359612170925695	0.0892843211333315
7	75011925	0.794648764615097	0.217944596936899
2	26015438	0.0831874771932058	0.0205331315567862
5	52006982	0.16213315553187	0.0279590269296936
7	72039326	0.0958970403193205	0.0248877248550232
4	48023794	0.203502972276308	0.0463448748310484
4	45010778	0.136286676611729	0.0391971544001988
4	45056690	0.202621946942407	0.0301041653144696
4	49003592	0.236366745287771	0.0649471808472406
8	83020002	0.0337497913374566	0.0090665466679081
7	75002299	0.682874440579566	0.114868375276968
3	35041027	0.181647104545378	0.0514532054047953
8	82004522	0.0528356455255716	0.0163017730226671
1	14074529	0.0992384874601749	0.0189729410121472
1	14008365	1.04573539906251	0.241952951751339
1	14027413	0.50867943738474	0.117096382128682
7	74042255	1.4356378312281	0.12501266932869
6	62101341	0.155599827819073	0.0305524201300556
2	29065946	0.773407044818495	0.197201511715104
6	61028950	0.197676103582825	0.0350715830201498
8	83003969	0.0837926826997992	0.0227550433832648
4	45075602	0.267322292299903	0.0518329005168193
2	29077083	1.12567723743054	0.287839115555096
6	62048758	0.172182492326468	0.0291160669475228
2	22030167	1.7953530353817	0.390047459082145
2	21013451	1.17727259669227	0.24958286009742
4	43095283	0.344081085340269	0.0474270342664455
4	47010514	0.617957823072213	0.153319550162064
1	14081980	0.408168922632863	0.0786700018179591
4	43096256	0.169895736188723	0.0293422410436217
3	34012211	0.0878592370784428	0.0265582278410067
7	74049845	0.770409370336155	0.147979929247326
4	45028778	0.264897378366376	0.0425351005411952
7	75045431	0.292180366426558	0.0516346457394438
3	34019441	0.11285402754262	0.0324543200993495
4	43089229	0.942090981428749	0.194586505962238
7	77000888	0.0770142930523665	0.0224540513432929
6	66007681	0.134772277681847	0.0392622558240056
1	15139220	0.911105369954617	0.24811106615112
8	81009069	0.242749746413093	0.0540995525920641
4	43077491	0.324254393679832	0.0460900702477693
4	49005955	0.19064181800785	0.0457237943590602
2	29079529	0.702804831713914	0.184944535706326
4	46047967	0.137861721434662	0.0287129623893939
1	12088130	0.450392486968262	0.14137965975759
1	12097613	0.225154080784898	0.056132415296426
6	65015989	0.325335398320896	0.0921108692726118
7	73008054	0.33393508254651	0.0717547511515363
1	15090129	0.369100844280665	0.115713423941563
1	16010570	0.875198605540136	0.224899045564509
6	63005957	0.411111555680717	0.0918703339651017
1	16029908	0.387238179504165	0.0960448044671435
6	61008555	0.339755170245344	0.073348936666593
1	14089124	0.248026686135541	0.0607015489733539
4	45088860	0.562105195896048	0.115644702934487
1	12061505	0.452860585627159	0.143254018418375
6	62097583	0.13549207578635	0.0226042664241181
4	45084399	0.293470225074871	0.0567429541510217
4	46002469	0.515137756388937	0.133035711186052
8	82035936	0.0673883478618843	0.0102372913994965
4	46045044	1.66921458030889	0.451022954763021
2	23007213	3.74168476373357	0.636203811684448
3	31056134	0.512769102840677	0.120227086556726
1	12014125	0.213313283749887	0.0406737082999188
4	45096143	2.67729821835264	0.672672050643625
4	46007955	0.713967940776976	0.185932271569154
3	34037044	0.097355622788365	0.0238779432443452
4	43033296	0.131672440686401	0.0293906747097053
7	72005554	0.0362854963396688	0.00990198982212757
1	15111896	0.430367789827103	0.136293548674308
2	23028273	1.60617354554048	0.355418640336979
1	13093376	0.103591656917339	0.0254157869094741
7	71005155	0.037773878612457	0.0132515977684837
7	74021401	1.77876774124079	0.269470046187092
1	15031220	0.580287481597366	0.15171230087571
1	12048882	0.263377860435271	0.0683714760297768
2	24001765	0.109060838006432	0.0324272308317848
5	56064369	0.317911188900195	0.115906296627663
2	26020581	0.0621136428749958	0.015150486144891
6	63003353	0.348403134884486	0.0721439851686402
1	13055946	0.0823825491363009	0.0176869293225822
5	56079991	0.191056154493754	0.0799204803458898
4	43046541	4.02712934235327	0.719499539972266
4	43054208	0.12825519259827	0.0283170462832598
2	28018391	0.212038949364689	0.0484317702494879
7	74052057	0.139564902128947	0.0244360238006131
6	64030535	0.256171022277576	0.0638936830474902
4	47002582	0.166890536885876	0.0425569929879748
7	78002542	0.136443889175308	0.0205731117686316
7	71017540	0.155776180306712	0.0482027656313884
5	56138513	0.281674969965599	0.0950630919900958
6	61025781	0.173277509297837	0.0442916432573557
4	43019174	1.54854540876763	0.341714451341224
3	31077670	0.257016084893973	0.0737513416617511
4	42034182	0.140940485944518	0.0445265076622166
1	15131282	0.898640769238103	0.233500483757266
2	28074674	1.05029188859849	0.226665773042446
1	15118543	0.791666194586679	0.244847371653889
6	62102162	0.155258762454953	0.0316237194537287
2	25011028	0.0797279132889882	0.0126243359271201
6	62020275	0.122724064042021	0.0288724425418093
4	44025075	0.79185399962114	0.154845726112541
1	11000593	0.505590107536989	0.135491670867984
7	74058686	0.208782033077573	0.0613827474117296
6	67006506	0.195303258157322	0.0435038230510867
6	62114243	0.127441506112576	0.0300367448081947
1	12032367	0.17010937168865	0.0463822221142081
4	46047770	3.2445121425721	0.726709171383858
1	12088104	0.359233801496484	0.113328665919317
8	81011040	0.180623995162775	0.0367838167896861
8	82015726	0.0351106449870557	0.0100175476478296
2	24035288	2.35214331235327	0.407726057671351
7	75045955	0.297241063465001	0.0696457203956969
4	46010393	0.562144986746121	0.138662993608325
1	14032160	0.814200534643907	0.160654426239316
4	42045555	0.5426816639471	0.0944808523685404
2	26002059	0.106814052648087	0.0320124742224874
1	15088256	0.613502260534421	0.179544918552066
2	23004540	4.09790798112348	0.386394504482321
1	15101623	0.492754200752673	0.142404312063423
2	28027987	0.369258018595402	0.0925649274108989
5	56089332	0.171869506132269	0.0457125861040172
5	56116071	0.310301924024371	0.0974636262181959
1	14006651	0.895122528523208	0.247841283989324
3	32006424	0.218169810868087	0.0577117580654923
7	72033163	0.0816956037266359	0.0181290317789907
4	45017991	0.320960995183548	0.062778258811755
3	33022609	0.151140395542629	0.0395489228694166
1	15095624	0.52321371346874	0.153241438965941
4	48018448	0.895286717954005	0.240103394696651
7	74064474	0.424007146448835	0.055952420801935
2	22018789	1.80460549208414	0.419214855256025
1	13092171	0.111045772782516	0.0247414007507425
5	56097921	0.129204612793198	0.0272276256136257
6	64042310	0.379118510015699	0.0681232783236513
1	13067902	0.137996148543624	0.0267214515736973
6	61045527	0.073111978374657	0.0151578144067095
2	21014779	0.847857800673127	0.156149338747056
4	44020642	0.201355452334158	0.0346582378649064
3	32054797	0.224622709278922	0.0468905997529611
4	45016383	1.52986168382971	0.335054413462508
8	82005928	0.172337628940823	0.0404390935133593
1	12041244	0.545264669858606	0.157646718702934
1	14058919	0.341817571769649	0.0712593523540244
2	29029991	0.65286649047524	0.175396666234776
6	66006703	0.39779276195292	0.112828598777363
7	74021761	1.91200990680834	0.353525324194371
4	49005672	0.240390677386828	0.0624351997931708
8	83007984	0.0769948549425693	0.0249257004713143
7	73003816	0.179028024074805	0.0306053365377917
4	46001819	0.371840329330281	0.0959617026393221
1	11044299	0.45160402269474	0.107151065424278
6	62092384	0.358496710569688	0.0771946427094066
8	86005401	0.239535699510252	0.0661345111357237
1	14040451	0.939367591428905	0.222745152628538
1	12088823	0.48788451834735	0.145035913795238
2	29081087	1.03870900419276	0.284216174677562
6	66020701	0.0672402853913711	0.0192438779030876
4	46049220	0.23852687035872	0.047196013194729
6	65027238	0.156907625838929	0.0450284511887819
5	56052242	0.256889686781189	0.0577504089583471
2	28080181	0.979779704232483	0.275344186984728
1	12098438	0.58638904611297	0.170609253319915
2	24019034	0.440331635273309	0.0961205728004028
1	13067019	0.244104137902369	0.0436975873583885
3	31071598	0.259305966245507	0.0708902231859975
1	14025410	0.410656964888506	0.102392884814831
1	15089983	0.668146654477607	0.189031970142331
7	71002654	0.077256112034135	0.0204972724057586
7	72025648	0.0235341038944647	0.00578571831120122
4	45055609	1.63696958196085	0.386374730552067
1	15127094	0.895627459639243	0.24010356907943
5	56011188	0.255970596506902	0.0645890919575411
1	12096775	0.447399927836425	0.159084670775355
6	62078018	0.145574543367618	0.033443560551615
4	46041509	0.680617909111937	0.149611818942646
8	81013529	0.113296613898209	0.0272007465990287
5	57004346	0.205920208835204	0.0529701231656842
4	42037682	0.130145565414524	0.0322110244262733
8	82000370	0.118565048937849	0.0285017315339766
6	62008767	0.125595274695748	0.0280546762434285
1	14068654	0.459405083943691	0.0922397376340125
1	12002335	0.133909977298366	0.0358189100759617
6	62099749	0.0987616128566527	0.0174371603331761
7	71024653	0.125789127957519	0.0363854135161538
1	16025095	0.903726833749469	0.241934862880652
2	28077155	0.279123574095382	0.0731393244582472
2	29040785	0.580448360174082	0.145984971575505
3	34018651	0.114082727244696	0.0339736957070322
4	48012345	1.33166381281444	0.347659793988582
6	65005083	0.754986553190371	0.182775652755931
7	76001733	0.969867971194393	0.217385954493002
5	57003514	0.259160821609338	0.0630005684673827
6	62089253	0.0965893324677592	0.0209418749604636
4	44012836	0.307458789146686	0.0557098883614272
1	17054360	0.687565113901861	0.166836198816246
1	12086573	0.344362808636316	0.0888868584449793
1	13019068	0.207856036794275	0.0366859990598076
3	35009799	0.101235483441303	0.020020100079744
3	32024828	0.0920562421839435	0.0300447683122453
4	45075020	1.76104833098985	0.389149501322803
1	18007118	0.148346492825193	0.0301455415350217
8	83000367	0.2216758499083	0.0573959695876621
1	12049461	0.153764442610798	0.0328148436670461
7	73023236	0.238328931187682	0.0574666743265637
3	34029914	0.0757230435222806	0.0224185377921416
7	75018262	0.342724420520444	0.0946098296540391
1	13033706	0.0744550746611097	0.0155898280139207
5	52010151	0.124326331816132	0.024029941061757
6	65022142	0.238998969121454	0.07385418388567
1	11055547	0.567875167021054	0.126010141185999
8	86000733	0.188180603483954	0.0476838476665269
3	35046805	0.0812354488429308	0.0209465450003351
1	12071083	0.287331791582667	0.0765438783445462
5	56013709	0.590612620869659	0.133288715898888
7	72058149	0.500796462603236	0.0874418513857666
5	56023852	0.393829677505467	0.133690153648377
4	42022689	0.142076958521905	0.0296289989590256
1	14086137	0.315769262464709	0.051362674025076
5	52001725	0.284816762516277	0.048936120779402
8	84005320	0.285530166460129	0.0749324527222755
5	53018859	0.109527589290265	0.0268423258529785
8	83002838	0.0678159718164421	0.018556612951819
4	42033784	0.851503794007925	0.205541946620568
6	62076166	0.0887612410289106	0.0213812215633511
2	21020966	2.90792898652151	0.657106750166904
5	56030409	0.407214038673369	0.113476138536975
2	28051452	1.26425319096671	0.226105077368585
4	45001159	0.114844888773168	0.0269354733490453
3	31078187	0.17143109911814	0.0405554497344033
2	29042551	0.617265292476879	0.157255901911464
5	53000215	0.11409750273838	0.0191392286503456
7	74070398	0.149633371592526	0.024492445357583
5	56164511	0.792648677318094	0.153576124909836
4	45055052	1.7816539201207	0.418874539769441
8	83002649	0.0917530962744185	0.0273791740915948
3	34037514	0.117786315840163	0.0256508052245187
4	45023246	1.09680537952317	0.271139963775841
1	17014374	0.910000767260631	0.270119039309327
8	83004223	0.0625928805307827	0.0159897101744623
4	45039103	0.119053916200412	0.0252883709831452
4	48033468	0.2303266433399	0.0531229623002
2	22040719	0.956612423629871	0.167360622279059
7	77046207	0.295282867463424	0.0707015877902226
4	44037104	1.41862817776617	0.285485820839479
5	56087738	0.622471498436277	0.18799533616494
3	31028944	0.0640861310752759	0.0160958364494618
2	23011607	2.2887120933087	0.47213842226924
7	74028452	5.18793191594242	0.92969156646475
2	22002290	0.8092001276319	0.167493636230594
6	64063077	0.818774791902142	0.178606677792512
2	21008963	0.293734432844818	0.0580152097840996
1	13049032	0.0718539515953414	0.015340362717128
7	71011843	0.101107216562433	0.0259048222711009
4	45072544	0.415284141278117	0.122306515682
5	56040604	0.558034313662502	0.17130981228203
3	35042903	0.124105395979001	0.0328654646211242
6	65029839	0.24692716014796	0.0810647090472221
2	29075947	0.511671753608398	0.125634531438151
4	48006916	0.42804056437599	0.117385107044836
3	31038989	0.187016634228735	0.0482787210233593
1	14072337	0.99179586667513	0.22523607283114
7	74038178	0.75824618697261	0.103272882361737
2	21005529	1.4794600774568	0.205790363379445
2	23004635	3.67926339259572	0.590322215363668
1	14071947	0.553571175950033	0.116430587670319
2	29017335	0.731843810841447	0.180150867762154
4	42011322	0.0669755910801098	0.0165443720217347
8	82040985	0.0648872025996277	0.0107926695419427
1	15086347	0.505386316365043	0.15751365572644
4	48016065	0.192353714833162	0.0473059423264905
6	66021070	0.228645097321027	0.0728420361874038
2	26000634	0.191516957336661	0.0575792963688963
7	77015822	0.341073356987486	0.0717481394718244
2	29117306	0.627376340157641	0.175680858591272
2	21019910	1.18224343637077	0.275474745102417
7	74049352	0.125831239052009	0.0186251685598735
5	56089755	0.187391356363649	0.0656875759709684
1	12049833	0.446446227408564	0.122366269759034
4	45092636	1.94291996215369	0.43705234779681
5	56085914	0.207200458846966	0.0803606966779655
1	18011109	0.173950455206647	0.0335556598098749
7	74042348	1.18672065108057	0.0952113346162792
6	62026793	0.13151949874976	0.0312266302236619
1	13019133	0.252620186961386	0.0562525877583792
1	15053601	0.324498025675228	0.086178406769005
5	56131072	0.272336885020256	0.0893560901538644
2	28039700	0.552106286723639	0.140615747035294
7	74009335	0.408462784523167	0.0733541611830143
8	83012818	0.0575944440817397	0.0172259527382269
1	12035860	0.510160633021379	0.151748459693136
2	29106760	1.11537232639059	0.303272176890792
2	21020418	0.705621244186944	0.138347813562002
1	11001345	0.872362698200414	0.268694298630837
5	56103652	0.366332587239988	0.117855846390553
3	35006358	0.0918389310523878	0.0324393096494265
2	23020816	0.197537637380956	0.0263773506334632
6	62148200	0.346927277062874	0.0773481349851422
2	26017162	0.123053378999921	0.0332498465784624
3	35048403	0.126130920262725	0.0288414473166849
1	12006646	0.109167584409113	0.0268684127768621
8	81000018	0.0855302231243672	0.024696118986049
7	78024574	0.455359821366856	0.112909369135992
2	27000328	0.123580632724238	0.032175863284152
7	74057107	0.699232737275453	0.103109213810195
6	64058730	0.578653962917717	0.0767386328057763
1	13101642	0.264230015407512	0.053988016083854
2	28030168	0.731263332543107	0.188482992126903
8	81008178	0.22480668513639	0.0414764447913955
4	48015403	0.115223277099411	0.0227507765041847
3	35025610	0.107454607331196	0.0280023519947484
6	62049781	0.0774251755310335	0.0160347594759201
6	61036888	0.13831386974254	0.0319897570612671
6	61012850	0.368913512339753	0.0591145960722347
6	62040549	0.136467206957991	0.0346580931387208
7	75033701	0.738609466199072	0.220598143361763
6	62017119	0.103347659861502	0.0226297587588964
1	18003542	0.140860730918066	0.0285639215225658
7	77015383	0.102223974138705	0.0205027244843635
6	62073079	0.0892816565377875	0.0220781282164932
1	16017489	0.837745472468194	0.252152518895469
1	15108500	0.640745842047496	0.189348786831983
4	42039736	0.343249868100062	0.0851016162312703
5	56170114	0.100540894633405	0.0204976638879566
6	62063497	0.112500830780989	0.0175578351138545
1	17051858	0.613351824772849	0.150238289205523
4	43057620	0.611369879001941	0.131010879217935
8	81001002	0.176273537020572	0.0473546710871905
8	83016476	0.0509708901585014	0.0155310965889378
5	56100983	0.418300671563315	0.143151205356488
1	13033386	0.078254788418971	0.0181140946392153
5	56060991	0.455144149700863	0.156961748874116
6	62104343	0.0883504403802312	0.0210448526995917
3	31008219	0.132236319651845	0.0378900314838169
4	48032493	0.137036080172256	0.0274544152712178
1	12009748	0.156097460593324	0.0459799542973921
1	15012957	0.556437222150197	0.161793063480603
7	75021781	0.39085493049608	0.111827713046045
1	17033234	0.730755603942843	0.168351106486295
3	34037325	0.0715547903865375	0.0180334538223471
8	84001612	0.138591943199268	0.037705857707322
1	17004115	0.567537037614395	0.172692113916061
4	47020441	0.328035047666557	0.0784034479071284
1	17060397	0.459055929454846	0.0968894891233698
1	14049955	1.07909217585658	0.237514857867353
2	29086269	0.796426631834068	0.219076475478471
5	56078137	0.248007662635564	0.0913824583767024
5	53015814	0.127285321291978	0.0323905692444734
1	11005237	0.294174218882906	0.0728575754068313
1	12047641	0.232013355131506	0.0626166519637854
1	13036588	0.155406373337139	0.0336896713403495
1	11004984	0.638941389386811	0.170555082591601
2	28051140	0.841361649127231	0.224507540186349
1	15049577	0.553285828351191	0.145382803580893
4	43093735	0.327633146211198	0.0527808879790635
5	56126303	0.429065118933575	0.111164090822083
4	48012076	0.552765862458281	0.153013572069779
2	28036887	0.3240667872804	0.0852948916834543
1	12043711	0.315770908589073	0.0625511208815209
6	62098750	0.131762342908226	0.0273901475083719
6	64075330	0.778258573953646	0.158106523770018
4	43095174	0.641586528083032	0.0999737879592612
1	13038714	0.107927558149494	0.0230026754096433
2	26004620	0.0988657534654625	0.0268834777066283
5	56086156	0.254764307377115	0.0699274912712234
2	28019097	0.161026377786228	0.0399939342319721
6	63028957	0.722518813180931	0.179810224254843
4	43014322	1.13450965668049	0.269611841879199
1	11011595	0.772038856894055	0.215250570650143
2	23017934	0.680810798226338	0.147796763012973
4	49010434	0.147343352277253	0.0383018683384903
4	42026726	0.162167117993953	0.0389213489080426
1	14039077	1.11480596114739	0.231085860118619
6	65005481	0.534699930493522	0.108827071341713
4	43008765	0.64654113272132	0.146616869943003
3	31074922	0.203045741406319	0.0657991448775583
3	31072057	0.208215410776065	0.0556575867668459
4	43019981	1.51080580726132	0.285167331378983
3	32015390	0.10753986575772	0.0300023412312489
2	21021341	1.11639680707557	0.250653992266175
1	13004961	0.622668777573033	0.1435140587357
6	61046645	0.106667104601194	0.0226691682712823
2	29055519	0.682213851345018	0.18018011874544
7	75018893	0.341888797447882	0.0588554817935214
6	62031176	0.160752624215021	0.0399042851310613
4	44002916	0.0691181906843733	0.0131834454033697
1	12070360	1.44502467009858	0.291966280198442
1	13033631	0.174571432830732	0.0322016075980508
6	64046968	0.257720895405144	0.0749288550137069
5	53007586	0.0987750759591369	0.0222697919945859
2	22004422	1.20388473287047	0.293686788040264
7	78025637	0.198122598592196	0.0644913716868943
7	74025905	0.158463083671928	0.0467229993788212
7	72006068	0.0253737829436193	0.00667925305670354
3	34024712	0.0700887083543197	0.0227224315441354
2	28077472	1.13346669782678	0.313788592272872
3	35018446	0.0930377984704485	0.0305995522304743
1	15125753	0.930184461592692	0.2785938348068
7	73021074	0.155414953695262	0.0457187069952612
3	32014527	0.0769094696239234	0.0165694590974051
6	66017001	0.105027143596276	0.0148314713679017
1	14010469	0.828166133131457	0.231659262710355
4	48034483	0.349750013463111	0.0997458692115091
6	64031089	0.257612801520863	0.0623010816917589
5	56110663	0.431035493158226	0.142217170585092
1	13033242	0.347844936954349	0.0649255696094085
4	43001849	0.673409770580821	0.141422383761872
3	31005911	0.179521388077974	0.034925618677096
1	13007324	0.16241553101986	0.0323837758388439
3	35038950	0.119607583101589	0.033718731317133
1	12061713	0.240256646688695	0.0684027902279619
1	16026987	0.513426090846564	0.133357966944979
7	75047748	0.151212423613591	0.0333489744980186
1	17043097	0.250347623628554	0.0458602369216968
3	32015244	0.0552068942584742	0.0171225950709068
6	62094709	0.0773320940986441	0.0144152803959474
7	74063162	0.584030270570513	0.10187656799324
1	11041250	0.485483862594245	0.138918782269611
4	46006530	0.612132753240804	0.169097185300422
4	42046085	0.30769131291781	0.0703771139769973
4	49006989	0.138740887165649	0.0373386033795588
4	44000509	0.0674157752236635	0.0127764911995874
8	81006547	0.420028187230295	0.103481879545097
4	42016783	0.122188530710901	0.0231593225148054
7	77027678	0.141487790136635	0.0328478110683537
1	16008338	0.472570952905818	0.128325446855311
1	17015825	0.55272621629595	0.178951581942493
4	45064603	0.668776811365542	0.126550902923101
2	21002590	1.717369003577	0.0957512369098161
1	14037977	0.977125788022972	0.183088731804608
5	53014203	0.215121885178691	0.0569253318654785
2	21023458	1.90288568330191	0.400960193207072
2	29037307	0.507981312247673	0.146507177068619
4	44050731	0.435680300886032	0.0736136648781104
3	31021754	0.060194296301155	0.0164873977393195
7	72049771	0.233966050610375	0.0475608636749633
1	12092773	0.608810713887228	0.204903518562943
3	32009696	0.107021343084565	0.0306993854189365
2	21021319	3.27630903899577	0.656395826906595
6	62055716	0.191592584813251	0.0497036468265234
6	63017576	0.304630021025078	0.0596513057365954
3	31074569	0.265594482683572	0.0794751568401405
8	81034993	0.0233048257817391	0.00755548604489165
3	32048421	0.0627867543239698	0.0180993585639006
4	44049870	0.705533094178536	0.140893759083197
4	43020368	0.318325867617691	0.0651394147626921
1	17033233	0.545106397587151	0.148595102475456
1	14078076	0.330276342469446	0.0629230313205773
4	46025067	0.543257797454386	0.105194040393898
6	62052031	0.125740644078798	0.0292420478344319
7	73018697	0.107351435141809	0.0148487946319256
7	71028071	0.111675181267987	0.0142896611571755
4	42066816	0.566327988323323	0.101729506161953
4	45067447	1.46546951756544	0.328041288766161
1	15050692	0.670249545412525	0.176854653514138
3	32012517	0.106890326200183	0.028032897815203
1	17041027	0.476441247647527	0.111263791367991
7	75003534	0.941715773401683	0.189701670549417
3	32040020	0.205018343583244	0.0568435265883697
8	82037545	0.0559678656608131	0.0157197450821967
5	56166545	0.845862155274353	0.22416022172427
4	43080351	0.306606259263795	0.0540271158657555
7	74035165	3.84708054038468	0.465181358735848
5	52014242	0.125495702750297	0.0270900612449411
5	56118428	0.830931272559804	0.231516625073334
1	15082206	0.372439252192116	0.109963747792974
8	85008972	0.0904684156217002	0.0189422841052057
5	57005327	0.200846839404199	0.0566886716880755
1	17051342	0.659952513484838	0.160000936391582
7	74036315	4.47618582120891	0.720710164725233
6	62108767	0.130407839898469	0.0273288743337242
7	71010479	0.0740802003877348	0.022033772794157
1	11000470	0.707503000174225	0.176038943614997
8	81017279	0.131767518086572	0.0208528632443958
5	56150577	0.260936840325393	0.0819085503207179
2	29116644	0.509447857590854	0.14219169511529
2	26016099	0.125009270756592	0.0287852355014012
2	24017851	0.232244414773759	0.0543578706111002
2	28065523	0.9755425903653	0.262753994384549
2	21000167	2.30580796069729	0.255254136481007
1	14087376	0.535036490244509	0.0969337074255553
1	15028593	0.600272701478693	0.170760393953912
4	48021720	0.143060231954773	0.0309955446653289
5	56000755	0.315421030836162	0.0801039770946424
7	71033674	0.0404419808701232	0.00920588779279242
3	32027168	0.119454307403454	0.0292739245179748
4	45099395	0.331339294676865	0.0592634498318303
4	49002650	0.196208821950032	0.0426324477679032
8	82027725	0.269471070532195	0.0734287515326921
8	84006356	0.226810883498863	0.0625748537490107
2	22016419	5.06543715476008	1.12624929878428
3	35035841	0.169387687049225	0.0421577272998266
1	14023148	0.314963953168817	0.0933122241874269
4	45058041	2.83225108113804	0.717692313129802
2	29082650	0.911314591924139	0.244696764365109
6	65011370	0.310626057092623	0.0957568741725132
7	73008488	0.487450700789688	0.0980302198408528
8	86004609	0.122300006600804	0.0299477384534348
1	12008064	0.170385974617455	0.046444682821234
7	74001721	0.53257220430196	0.144696261958247
1	15060281	0.708747327322661	0.190409411177023
2	28062253	0.617263012883652	0.155079124440995
1	16036573	0.518327393480538	0.128348568735703
2	28039050	0.50600264726335	0.14994113014125
1	17027180	0.342961968907518	0.0826375949261201
4	45054372	2.95146626945182	0.76340967918944
1	12092369	0.97992944158311	0.204516847709645
6	64059355	0.617727389103859	0.123883576336068
1	12000331	0.156175545920344	0.0318855153111159
4	45083239	0.587764795488849	0.121692730255873
1	17036740	0.811051370995573	0.206633016400233
6	62102617	0.11739999396322	0.0265157401969745
1	13102540	0.327929828647569	0.0773327705734644
1	15064019	0.468817280441016	0.125023897188788
2	29018968	0.61315843028855	0.139525244901065
3	35039153	0.173027021248581	0.0382240977644998
2	29055261	0.443618343495957	0.129831415820386
1	12049788	0.312335728655321	0.0857737225323145
4	45081327	0.58216584624197	0.120810111249174
8	82030750	0.368581385669824	0.0867466848119162
1	14017602	1.02526633252687	0.266134473011938
4	48025370	0.121818364474124	0.0312334823207508
2	29108271	0.746639564162288	0.200389609200433
4	42021501	0.111212191744357	0.0188366208879072
1	13003097	0.168659656873664	0.0354749774804752
2	29090814	0.891236772298285	0.228229420236801
2	29036487	0.698724011851901	0.202400096843437
2	22010401	0.753026251555204	0.156711593401376
4	43022129	1.56786428680487	0.360331889161186
5	52013869	0.166142775550276	0.0418633442136429
4	45006911	0.169403333035421	0.0289561172516613
2	29011602	0.660351349072035	0.172003503835994
4	48034155	0.256804998696518	0.0666039229021381
8	81028864	0.0602212590321958	0.0179842636403745
2	24027195	0.457198341666316	0.102775343579612
2	24006919	0.0469940550593802	0.0112052220092084
2	21023763	1.31831360671482	0.302930282127601
7	78022387	0.719724016707962	0.143740065810498
1	15008284	2.41987232459877	0.558160239917065
2	22023038	0.22120449846646	0.0456967598720394
2	21012570	1.00439880490456	0.175243651490433
1	12059033	0.154644220649336	0.0424571206101432
5	56123098	0.35315301532618	0.115154403765287
1	12059411	0.803429105387364	0.163722422501171
7	72047645	0.149720256428595	0.0398549731944928
5	56100175	0.311128027848942	0.108910605835752
3	31042172	0.094954612797068	0.0259115323571132
1	13072846	0.0827104777824711	0.0178076524158457
3	34040088	0.0693714477411684	0.0142681727962794
5	56170051	0.205257195262742	0.0493503301491595
8	82017490	0.10966883503033	0.0301823791185398
4	44006218	0.175808910604648	0.0369836808779265
1	14032381	0.758203256644757	0.175869555643917
3	31000115	0.227651635056416	0.0683016610620835
4	49010369	0.123048225244142	0.0303175712563117
1	13046038	0.12851729431134	0.0195068545325516
1	12089834	0.551941528274005	0.164644901351407
3	34004985	0.133531032671989	0.0427740277275121
6	62063516	0.124646162463649	0.0176390537749285
7	73004240	0.337341147301295	0.0546288261014424
4	47006808	0.824489992724921	0.208396461863242
1	14015913	0.758869845315718	0.225378518183167
4	42020903	0.233047423965675	0.0501151151359535
1	13010402	0.155605662725716	0.0269371184569263
7	72024356	0.0468573017786371	0.0124638169814389
1	14086351	0.314611729339144	0.0594534336372003
4	43013469	0.53132612674834	0.12683192030057
7	74051525	0.713007197198304	0.120779788984675
6	63036100	0.162411708109751	0.0319826250807713
6	66006885	0.458177469587466	0.131129723478141
7	77003904	0.072458562589526	0.0144243916210388
6	63016918	0.3163445608381	0.0970235973181692
7	78008243	0.149770524629653	0.0445045186703389
2	28057829	0.243756032349932	0.0417448213529374
2	25003202	0.0857001402311351	0.0246843234537308
4	42053690	0.230438057028253	0.0552746263127374
4	41004517	0.381783895888834	0.0610745193820825
1	14051592	0.418630761734062	0.0779596003941088
1	17042341	0.596237865958446	0.140328035408247
5	56077605	0.181539082790531	0.0629370726474165
5	56131764	0.350731726760634	0.121827856322801
7	75022975	0.611556925420133	0.149022632202169
3	33015243	0.104346539527302	0.0347275361089239
5	52020026	0.137266023546989	0.0348215259342366
1	16021525	1.38743597441357	0.384870141874504
4	45056639	0.185907289347693	0.0305995239059962
7	72004051	0.0227397947881788	0.00714082360137349
7	73021866	0.28788803073246	0.0731619433774411
3	33007614	0.156670275794277	0.0485885000846586
1	15120222	0.47346072994743	0.131513597409661
2	28023395	0.552506135363363	0.132771032437465
7	77055992	0.331537143138874	0.0713003556275391
7	73002083	0.155027076892484	0.0258891818388354
6	62008957	0.0892070768221117	0.016983781400365
4	43003369	0.553449686191113	0.136095543472983
1	15082300	0.577255606650309	0.164392961508717
2	21011047	3.00164215991308	0.359692385613633
4	48023745	0.123585618705904	0.0267921447761778
1	16045226	0.656410554730552	0.143058503358932
6	61029640	0.107955159593067	0.0254449929756663
5	56090616	0.261904640576738	0.100785280056133
7	77050432	0.241499050478653	0.0527437430544016
4	45009081	1.21168031615557	0.289189434099267
4	48001030	0.591050645150372	0.150114691322278
8	83007883	0.0724396609568769	0.0234492088866881
2	28046976	0.701320112442145	0.179238133425506
6	64067149	0.302998101744805	0.0481608795149346
7	72030193	0.0716204936627841	0.0154801452462352
6	64061836	0.853281422055362	0.180972806516915
3	31047066	0.178094999814716	0.0472811774198813
5	52011374	0.105034482905853	0.0182318228607116
6	62009952	0.0825849693657118	0.0201170745273539
5	51011459	0.518604352669165	0.0902269416029307
1	13060420	0.510021209202555	0.0882504159990382
4	42059213	0.253369214498965	0.0636110340780773
7	74008998	0.10786862215453	0.0217372905469941
2	23007928	2.88262986830302	0.474016861978127
4	42013451	0.101990475842407	0.0257505751844073
2	24032508	2.7685195056135	0.503441989346225
4	43042316	1.55001882914786	0.306007144388123
8	85004153	0.071182548044915	0.0219629341473264
4	43098535	0.247900572536875	0.0447269840724291
2	25004788	0.0635887619050525	0.0209181677621961
5	53002467	0.19275073381029	0.0461595693683019
8	86001512	0.172701035995099	0.0424440885002462
8	86001341	0.209603998446805	0.0568253044209524
6	62101152	0.0765365407324024	0.0146937453701183
4	43064527	0.314272863873028	0.0666885280534568
3	35027022	0.243568018222267	0.0640590769751151
2	29058472	0.388946888735909	0.115271646739816
3	35035218	0.129363933897654	0.0391554852093827
1	15046396	0.547248787814277	0.14011814765229
2	29013278	0.562308602351976	0.143379926461451
3	32044607	0.0757853529544413	0.0212998300746866
2	22045908	0.170838495502656	0.0329982420730166
1	14036523	1.20561610649697	0.302081685811799
1	11005048	0.627820115526893	0.193255658694705
1	11069789	0.150499280582346	0.0297153096886354
4	44046472	0.253717728115592	0.0493117021292761
2	29083471	1.05193827858152	0.291832338241993
4	42010645	0.0952778067131939	0.0180234457529984
4	46033632	0.411804366967966	0.119745957353481
8	81035672	0.109373525837603	0.0178584652061244
8	83003224	0.0664814821147055	0.0176736894107774
1	12057524	0.169710006269469	0.0392782325742061
6	65002031	0.107351971700051	0.0228486763170964
4	42015370	0.0936429805331984	0.0211817980723109
5	56111837	0.258345740649893	0.0551692721722826
6	63023007	0.198991062401918	0.04770420922219
5	57000601	0.261516659578641	0.0536941463526849
5	57005017	0.211536617813026	0.0512120968831167
8	81012365	0.175351378215886	0.0570363881008569
8	82040595	0.196079365193798	0.0393540410235078
1	11024563	0.478560155432299	0.0968614253932137
4	43072680	0.325685658045484	0.0558768489911095
1	15121988	0.484331245219892	0.159760893778771
4	45046310	0.33662734373062	0.0735206308447353
6	63032301	0.170562191040984	0.0315301899164438
1	13096672	0.123730612266832	0.0261917985915108
7	71028029	0.429019063428819	0.118637264913348
4	45091316	1.52994857514998	0.321908917271742
5	56115012	0.576851728667771	0.147749001103358
4	48019860	0.175359873286676	0.0419598259613215
4	42010116	0.209106664420248	0.0435886646808618
2	25003256	0.147763656104998	0.0381261327069266
5	55000294	0.23929833943878	0.0507556641474502
5	56041979	0.234844715140186	0.088956889549661
7	74001832	0.447099718000241	0.0946231693511558
7	73005927	1.22742285982691	0.195206434953192
7	75020207	0.492032396995067	0.140833747871585
2	29100694	0.977460637131959	0.271500644346431
8	85006316	0.191208455370069	0.0415522078707766
8	81029439	0.157954848565029	0.0443589553174804
7	74055398	0.365652895841955	0.0858372026264726
3	32017186	0.0755045509924399	0.0185450287378869
1	11068880	0.109941180441757	0.031542004353326
6	65016629	0.13216370061207	0.0345458520186614
1	13104917	0.283865597550732	0.0880279374152793
6	64054792	0.231612873283721	0.0545809407265306
1	13069103	0.172952921976663	0.0345153790960244
7	75009264	0.49252127359328	0.132574113042606
1	15047959	0.647123340971955	0.163188082580401
2	26005110	0.106604548302214	0.0292379113907007
3	36006372	0.2114674570967	0.0504381878114537
6	61043375	0.0716771288588677	0.0147231602670725
4	42036713	0.173988788398629	0.0500829963406208
3	31020250	0.122489691031593	0.0342759737743291
2	24001291	0.0685982100708182	0.0150111885500752
7	74045494	0.177442048966991	0.0220420934919529
7	72053560	0.266892662874981	0.0488398724423032
6	62092938	0.52895319813579	0.132039918122273
7	72053338	0.190576421701165	0.0268617781444744
4	44001459	0.0713231947176984	0.0170299699267253
2	22036179	1.41908280925622	0.336727170112768
6	64016726	0.308960607066481	0.0653368067342159
7	72008429	0.0345994172342615	0.0102358676128415
7	77028940	0.967337878088989	0.25645237940803
6	64037330	0.175094228792986	0.0439069688139996
6	64043900	0.326454378732957	0.0712388971029005
5	56139594	0.562832106013162	0.148668377093146
1	13099976	0.107503729691074	0.0286262119068287
7	74055310	0.629494991202809	0.131402347411869
7	74023044	0.42929128974812	0.071141531069524
1	18002149	0.0978188166637864	0.019362980141014
5	56047363	0.25222043139096	0.103942044310922
4	45052903	1.04588409119411	0.221395837281803
6	61028444	0.106064898384541	0.0189454656540702
7	77057997	0.174171378898741	0.0338963681969085
2	24028169	1.05101209410341	0.222757806588576
1	13016048	0.230324099637702	0.0466383241143615
3	34027041	0.0946262598150483	0.0265480965273079
6	61004099	0.225633821920736	0.0369147899936019
6	64053227	0.253795134332711	0.0684422171069071
4	45088703	2.16544777044324	0.493318816583319
4	43053204	0.828497429724257	0.147288545969893
5	51007698	0.144646653688878	0.0263987509972849
7	72019342	0.0153973258040029	0.00375530541079517
2	29050969	0.807735991030287	0.218399229929378
6	62032905	0.130810479279879	0.0277140880052742
6	64062510	0.441884624600288	0.0762979711660532
6	61046360	0.200153206304781	0.050852618420115
7	78019653	0.2190748868838	0.0218105958354525
8	85007681	0.0786336640116904	0.0194301451761162
1	11012068	0.413705615143223	0.0998431155052673
2	25000108	0.185825598723258	0.0641498018875871
4	45067164	2.09205319089138	0.49215893951327
7	71016344	0.542079974171836	0.0994380560660448
4	42033436	0.10378584381827	0.0239679261671615
3	32054009	0.117478367993208	0.0241111962325008
6	63029121	0.323264778119414	0.063460630844991
8	82010044	0.118880679933393	0.020162456026526
7	72008287	0.0377744856905659	0.010553414128017
1	16006536	1.00261546181173	0.287245067950923
8	83008139	0.0640405605145332	0.0187556920629259
4	43030185	2.31743145903983	0.497551022811289
3	32056479	0.362545671753366	0.108330164519488
5	56056667	0.179720838817158	0.0667668883060997
4	47003564	0.17523176693299	0.0510216415202718
4	47027194	0.26044615440346	0.0803966510175814
1	12078096	0.275275580339042	0.0723848051285651
3	32006133	0.0923228670916615	0.0224197804661792
3	34022412	0.0865898840637216	0.0233636733027404
7	71000480	0.0733346465709284	0.0210126435103184
5	52018512	0.211390209548902	0.0435457517620931
1	13074864	0.106559178867095	0.0195771928981249
2	28003133	0.107132459551262	0.0273338961244883
7	72035228	0.0475358801599104	0.0128178346909839
5	53004092	0.116260203672157	0.0251947935120786
2	29067591	0.526031783463405	0.143787770145497
5	56103217	0.304234137542406	0.0997020696237078
3	35046684	0.0923491627031338	0.024068438643765
5	57002849	0.143726947081251	0.0228675974521264
7	72022021	0.0455784764042063	0.0126519515433624
7	74009565	0.37168098067864	0.0663086085193751
6	65008296	0.272277407357107	0.0731263169689268
1	13011453	0.211419947796968	0.0345183872547889
6	61010617	0.430007644551422	0.0947965674338194
7	75027360	0.458108767065642	0.0862826319824414
8	85005729	0.0711705213500512	0.0208871701093376
1	11016916	0.817681679761743	0.234599813444813
4	45035315	1.51351292448263	0.327401305890706
4	45043089	1.76736758532002	0.418302388787798
2	21019257	0.624770770965689	0.125970507347938
7	74048277	0.482484889148197	0.0712582853426359
4	49004017	0.234556076344435	0.0543612809660054
3	35042712	0.0901982990667797	0.0253589029644521
7	73011109	0.114830972153754	0.0237912199942492
6	62080888	0.0808742440458972	0.0173314358367895
1	17028091	0.469540450711439	0.13010767879708
6	62006018	0.0687537196295622	0.0138763027859817
1	16049396	1.99109072867662	0.491520906414496
1	11011422	0.60790384597687	0.171522648326896
3	32013893	0.104931399471946	0.0307430898514757
1	15003188	3.13207903658789	0.721777653946502
6	62152224	0.280847928032794	0.0549608075164434
6	62123375	0.199675455593937	0.0390849728280221
3	35007603	0.113796918033912	0.0236526600808431
7	74000142	0.690703010140444	0.144439061566738
8	81013245	0.199882303374814	0.0387817807621062
4	42035649	0.822361414411245	0.159381105228975
2	23029951	0.99216168542115	0.117932654701081
6	63025312	0.350338269962674	0.0952341690878395
7	71019618	0.140592539245792	0.0387325663119182
3	34017769	0.0793163180014591	0.0227657828747394
1	13050398	0.0705597827546964	0.0141818657725421
2	22038279	1.54837898002701	0.156085198078346
1	15048976	0.824322986718791	0.235026771885402
4	48003660	0.170414318017238	0.0407285616828541
2	28009935	0.172283406543559	0.0322952261352659
6	63006070	0.401726401811585	0.0849070487496639
4	45066091	0.864806080689468	0.180289359447491
6	64063373	0.375132187184721	0.0982923635776508
7	77030668	1.3399365143826	0.428632172953768
6	61019152	0.292900379860992	0.0823703070641473
5	52009048	0.192467210101216	0.040539711953016
6	64057602	0.214840477446106	0.05232210216135
8	83015231	0.0774652783688552	0.0205602329681364
4	43093447	0.70333367556286	0.121822136976819
1	15033890	0.76553819748258	0.20597051253729
2	28004902	0.109632679766666	0.0241021812594479
8	82027361	0.170489540880846	0.040787031387758
1	17026534	1.05370300542138	0.262468341619829
2	22004746	0.904378994300687	0.171027258261615
2	29098895	0.998860293862885	0.277766984392062
1	15072329	0.571827569895525	0.16506535019946
6	65009469	0.791985960302571	0.17871723139311
6	64048347	0.586564855373604	0.135313545207968
8	82028532	0.0438629888872757	0.0111575535035967
3	35015667	0.155110230602858	0.043784916333991
1	11067704	0.160500088230954	0.0378116898606414
4	45023602	0.0849598839270289	0.0178091472274691
1	17032200	1.38856683324087	0.282665265661809
5	52005445	0.126013135703849	0.0210889255225454
3	35002790	0.0586315915181688	0.0182068950561292
5	56135338	0.301234133330671	0.0999483743454758
2	23009467	4.70728502109328	0.69983290879816
7	75021520	0.472952232062735	0.105013427370845
6	62086443	0.0899517839291884	0.0213480995594363
3	35033605	0.233848204349181	0.0658969029716494
3	36002478	0.126751459168817	0.0284773145566151
1	18006549	0.283863232290146	0.0648031559176361
6	64006926	0.126132819051559	0.0304823621987323
3	32031682	0.106975773956044	0.0219913856816577
7	72048270	0.237349609618472	0.0409285656831013
4	46018683	0.48162632476812	0.143410275022973
6	63043250	0.273949672243111	0.0578758231369232
8	82035177	0.152344537377273	0.0411107235284153
7	72016690	0.0163851916580537	0.00477032761294775
2	29068688	0.686454795596154	0.176407544522808
1	13031171	0.0951037789609106	0.0154740302905125
6	66004657	0.24484264732362	0.0763134313787434
6	65018302	0.118694191844891	0.0241169322169153
2	26022940	0.376920309408203	0.0943820383745392
2	23017254	0.903581864801663	0.174370973911764
6	63010236	1.38620352941037	0.346441357863627
6	64054505	0.940410197705724	0.161831917964052
1	14082258	0.538081520457026	0.0977152214072394
3	35046104	0.114601941909538	0.0287448747233862
4	42000170	0.103684979437081	0.0216496925987861
2	29044016	0.491851746597574	0.129915937361591
5	56070816	0.232819391856452	0.0486479965510854
2	29080705	0.872862648906653	0.235501930646522
4	43021479	1.63230848734482	0.385462869286386
4	45055480	0.171256269401519	0.0344319752202113
1	12093631	0.364166167098875	0.0976374555544481
4	44040650	0.223401386812563	0.0416701790334378
1	17007348	0.721353726819799	0.201944020216279
2	29046886	0.920551091748996	0.240272060214638
3	36005796	0.172633761616171	0.0390800178240189
6	61042265	0.301625328548451	0.0637857534595629
6	63017656	0.317569361352063	0.0829744762455528
4	46015983	0.55503074452528	0.144213623195102
4	45012213	1.3286757891717	0.304471997256842
6	62104671	0.0928880944595917	0.0163722606277307
1	17063138	0.482080782669263	0.115916549482822
4	42020328	0.509848112898643	0.134802741387678
7	74031410	3.37675858032885	0.300035481645678
6	61021661	0.236520816034723	0.0465139551668008
7	74012164	0.113525808227062	0.0152062002743783
5	56076096	0.151297911415036	0.0567282161614445
4	43056134	1.01165397267049	0.193338915115883
7	71045011	0.61904165887301	0.0924021723131901
4	43005298	0.322936620472748	0.0747282456534926
4	43080362	0.736848746045206	0.160763440725731
1	13025496	0.105669812227642	0.0126330080674084
4	49007522	0.131942733702438	0.0357236173681301
8	81027049	0.165352030501515	0.029763858040798
2	23009549	0.905504951821622	0.152438111627028
1	11067444	0.295586294754084	0.0560523976058468
2	23003361	2.17282874162003	0.320832641048887
5	56132732	0.53431650687349	0.181166447536188
3	32012306	0.115952774391059	0.0334420368947425
3	31045657	0.577340611879023	0.139251813396561
2	28006217	0.102989152773792	0.0252119029871461
4	43071102	0.613944441751143	0.115769810991054
4	42055698	0.163580101848917	0.0490298351697573
6	65011241	0.419559078120817	0.105108125123147
1	15118864	0.559225030716306	0.159555386610694
4	44043010	0.369634471792892	0.066580117493106
4	44015408	0.249927477200689	0.0417660020228691
7	74032106	2.89660236514758	0.396594411962502
5	56079268	0.18961019407149	0.073230725443532
6	62039272	0.0738840865848912	0.0172112261189781
1	13019647	0.0629094679568828	0.0119950414610251
6	64040377	0.693777550506328	0.113755422160469
3	33013652	0.119911205546131	0.0357240859198645
4	44032198	0.368372100491374	0.0910008874348717
3	32028275	0.132363705666339	0.0371901704971747
1	15129684	0.879240574300292	0.227821070656371
1	11030965	0.123755722979744	0.0369153603657826
2	25005293	0.0759900253978469	0.0243880307282896
1	11009822	0.236247239613571	0.0727716710914694
6	66004599	0.684528925676567	0.199981010544777
7	78023858	1.00897056136108	0.271691399172052
4	45025609	1.62364863535351	0.506655589182795
6	62024830	0.0925837325182961	0.0237484254433774
1	17022948	0.386616534781131	0.113525212514414
4	42052808	0.357494266313025	0.0695308456512375
3	31019201	0.0637347887828687	0.0199804612359797
6	61001636	0.963548780642408	0.250946071763542
3	32044383	0.0842652219236989	0.0180459979358197
5	56157013	0.374783719704398	0.117141867011949
7	71014327	0.118806050935951	0.031918751982752
1	11016857	1.27198799795883	0.343897168185629
1	11063914	0.392953866943751	0.0938240714487598
8	82037807	0.0843901740539129	0.0131373269791605
3	31058680	0.4995339558361	0.146717441603657
5	57002186	0.460133939047144	0.0919351495722986
7	74005240	0.413408572353058	0.102763156280982
6	62037630	0.209679584184153	0.0151433761025709
2	24005330	0.0378051533523596	0.00840604169302769
2	29016870	0.664516762117797	0.168693970236739
4	43096378	0.410115064501434	0.0925592070848961
2	24021143	0.166176453417347	0.0453936360333678
8	81006208	0.250681572002708	0.0529879286843893
3	34014069	0.117282269095	0.0186109822674549
3	34027273	0.0805448098286371	0.0145387484029808
1	13070401	0.147143941155943	0.0298121365412371
6	62098893	0.194837881206999	0.0290866842881963
4	45050639	0.785914351930392	0.193228295591006
7	77031325	0.55826438168154	0.157019493590652
1	12054304	0.372271787899194	0.10028116565324
2	29067648	0.616839889095822	0.150349972485649
5	56031004	0.421210205878127	0.145642254803436
4	45001170	0.115067020444085	0.0271614577364869
7	71033280	1.14230498884084	0.247205122314391
3	31019120	0.0671250311735069	0.0208239817636912
3	32021683	0.100967812562013	0.0295187824406731
6	62048424	0.10540756875427	0.0212796177955336
7	72029941	0.0353589655564479	0.00768176027879125
2	29086568	0.870346672234558	0.251546888868662
7	74011673	0.571671471145965	0.0582581976180406
1	15135239	1.01498228304808	0.275058295675139
2	22030011	2.82865283010201	0.371065274012283
2	28074951	0.723946944892733	0.149348242933061
5	56068432	0.185527676839064	0.0356414021920875
1	17061628	0.484747152962903	0.121698492357311
1	11055928	0.128974400514678	0.0332999692211074
2	21004615	1.62135613645607	0.274792053089806
1	13036979	0.0994776332140208	0.0231725019929569
7	78017334	0.094392662654452	0.0188411534693969
7	75014060	0.849213269286145	0.212717234404467
1	14037216	0.577994524627613	0.149362843448735
1	15046650	0.53138493055901	0.161071624004706
4	48022483	0.169845540604856	0.0472257070670038
1	14018499	0.793176158798579	0.17783032215248
1	15049771	0.57865546896703	0.151149079609421
2	29035579	0.690212987258609	0.19282290422398
2	22016765	0.759843058959562	0.198623821888851
6	62114955	0.140098739724973	0.0329620080077261
4	42023437	0.309270151876982	0.061619647697457
7	74062733	0.52161070341748	0.104514060666071
7	77001100	0.270572037035384	0.0688163517922059
2	29001780	0.456092540463582	0.123692838271634
1	15019355	0.550046153706546	0.133113199012803
6	63024972	0.173260215292408	0.050738845809211
7	72009608	0.0303334520028413	0.00841681507560697
2	29054425	0.972995699908844	0.287900453267415
1	14030628	0.49822992597717	0.141182561834348
7	74024661	4.54813551346463	0.580193746566244
1	11025394	0.363300479099215	0.080441184905029
4	48026565	0.174475957386002	0.0418015367394935
6	65025431	0.144104027631662	0.0390537602102086
1	15056348	0.283361048448186	0.0995908145427447
5	53008239	0.125319421284411	0.0317309179668961
2	29044760	0.952387419024297	0.276171125293866
6	62033170	0.0723758891387787	0.0164940915557132
2	28022425	0.494878097653461	0.10074088992935
4	44033761	1.20486172379629	0.272775983149016
1	12043532	0.416916316071036	0.11297628385363
6	66008413	0.187121239875941	0.0552534619014959
2	24025940	0.131101243645235	0.026385484509135
7	77030873	1.69665783660333	0.497398015680849
4	45022113	0.0482408270050674	0.0138869467665314
1	16047971	0.393414797027346	0.100725537122554
1	15085763	0.703978927928125	0.227701205348169
1	14070153	0.372711574359971	0.0868363523490331
4	45068341	0.357221005473402	0.0835725262822724
2	22052407	1.12023052197624	0.216809274501825
1	13101084	0.177522971552297	0.0316181216467849
2	28031451	0.393909995352665	0.100967354429015
6	64000880	0.114996234867422	0.0211604072674878
1	14080454	0.567873163662874	0.112248530584935
2	23011596	5.28948810929942	0.715954586233607
1	12018969	0.158944383435919	0.0415745440007811
6	62066862	0.13036162646212	0.0283364029169835
5	56019794	0.931311873062151	0.239539843318178
7	77015121	0.334718712964335	0.100187210180588
1	14025757	0.503801293069071	0.142870151646791
7	75029983	0.472609964996348	0.121128444522558
4	47033097	0.813243173103737	0.209701587551352
4	45036807	0.539556063626882	0.114102342267029
2	29029082	0.722721988347934	0.185127658141312
1	13043997	0.0914348037709272	0.0174159695095327
1	12097338	0.63198632455302	0.185600342409057
2	22045207	1.46980573409318	0.220435497001583
6	64024641	0.902456600981657	0.190068747112606
3	31046828	0.157735605449923	0.0427193735224499
3	34014604	0.0579464423054398	0.0166552491704818
1	17042437	0.529376875769627	0.130829034042947
2	22041296	2.35470254826955	0.343471681497515
1	13061616	0.121192730245851	0.0255604492537116
1	14044896	1.35249624180353	0.318061747236907
2	29031591	0.754466327871227	0.196568380091094
7	77030878	0.186229428067841	0.0475554491359737
6	63038339	0.167884710372663	0.0318415993002594
4	45061803	1.42598022509444	0.330256870625907
1	13020348	0.0873336218386837	0.0147634923220162
3	33023321	0.179643358546683	0.0617619947426707
1	11016965	1.52214539701191	0.422525376611849
6	66017631	0.140775877389701	0.0209842524726479
7	71042746	0.935237225347329	0.157032752419747
7	71032594	1.25610658222002	0.296336852032582
1	12097671	0.451244122613619	0.151784190773539
4	43059092	0.551355402922004	0.094463308978871
6	63025965	0.355138716269679	0.0822855383187778
7	76002945	0.530199087564233	0.072468680600928
4	42019553	0.13342036077384	0.0342577379128705
8	83014563	0.0370190716777684	0.0111774700972626
4	43070661	0.233894534909806	0.0402767847540411
3	33024417	0.127807239466831	0.0425211319101526
7	71042687	0.0838524218497228	0.0158228300618356
2	29048358	0.51706759839297	0.125451149083104
3	34033925	0.0731583849743604	0.0185112786886673
1	16036682	0.722912554146991	0.152011775370213
5	52000357	0.789404450003714	0.171180761613957
5	56151904	0.616195113450878	0.133400130353718
4	44031338	1.08743594847363	0.251341780783865
4	43013817	0.162390560971271	0.0340303287631056
7	74030334	0.564282813685004	0.0884493344056702
2	22046435	0.761039146457867	0.160273389936999
8	82014965	0.0578268375552665	0.0170780181556021
1	15047577	0.554251349498723	0.161929869643287
1	17000360	2.09481652322141	0.488036508195291
2	29111537	1.06950820440172	0.297539133929749
7	74012590	0.0916277432963488	0.0131050074879089
2	24028683	1.33538412489417	0.285926286109692
6	66009580	0.125695516077165	0.0348715170375975
3	32004623	0.0712530635325697	0.0212673566388722
3	34011943	0.0339698919722318	0.0105753402830368
7	74031462	2.08877437467753	0.467146621002881
6	64058667	0.153353330151004	0.0322490241982064
7	73015730	0.136418038343386	0.0166868581363039
6	61008345	0.256794449194979	0.0333810633813538
7	74060350	0.924264945521054	0.173745305439166
2	28011484	0.114855164800703	0.0334011330190677
6	64017610	0.268392958801851	0.037713445105405
2	29000675	0.315732455595416	0.0806265014988157
3	31072651	0.111364257555348	0.0341295736851059
6	65026618	0.903892626464425	0.277964422318368
2	21000497	2.04079544047494	0.286861962411766
7	74029504	3.66864735693013	0.58001278833373
2	29068682	0.542040524985486	0.137377966272872
1	14007528	1.02716905469942	0.270198796201672
7	71020889	0.159377623728639	0.0420959790285201
1	15079730	0.426333509978853	0.111501729629488
2	29044629	0.401908472529988	0.102744975384843
5	56145898	0.351069720068141	0.110562762746146
1	14020391	0.564038856316699	0.144491797878882
7	71009286	0.089509804202751	0.0221236416194501
5	56163350	0.607332352536362	0.165634974968192
1	16045059	0.714398470858087	0.138895509562876
2	26022723	0.120063429915692	0.0321362838429203
8	82013324	0.054958845518772	0.0180407198776844
5	56172306	0.0524080774495375	0.0120289004363502
7	74034823	1.06298307109688	0.222363398550841
7	71016306	0.0430543682874271	0.0114258986515561
1	14039923	0.577117959204848	0.144418621610737
1	15118209	0.840151587915677	0.254971690295171
8	83002047	0.0653581551497371	0.0198515757711208
4	46035748	0.472619487003248	0.142072993618546
5	56125706	0.20746581317843	0.0756602126399207
6	64057842	0.941277278263844	0.151451581033732
3	32015612	0.08636483132824	0.0246687448306331
5	56062728	0.210277862347912	0.060426219960839
7	72023265	0.0365760120220274	0.0116369211834229
1	18004523	0.130615941127847	0.0306341516816592
2	22004984	0.680031142879671	0.136161893967447
4	42003505	0.0758135585312365	0.0228039842526881
8	82037546	0.0902655303304716	0.0275229404293122
5	56061666	0.436503452602351	0.167072082830457
6	63001656	0.257872824834337	0.0464631544572426
6	62005097	0.0744335910931608	0.0176417591254337
2	22051845	1.00498922352037	0.190657134097989
1	14057576	0.817690832796483	0.169791743839093
8	84002294	0.236686293818011	0.065683401713235
1	14060578	0.750124704533803	0.161964801112887
3	32005830	0.0504161325175434	0.0149411954729037
3	31026590	0.0456271336081723	0.0118924557277821
3	31023505	0.106543424822243	0.0291450914192761
3	34034592	0.0609120833232781	0.0126239415185289
5	56169079	0.514482341751582	0.125253742056831
6	61023809	0.162461473634008	0.0340434448349575
3	31075985	0.489030865702596	0.112378361031102
7	72008901	0.0224385487809059	0.00449164725246465
1	15127402	0.482766443263919	0.154612506749773
3	32006713	0.065869475687955	0.0176260056847378
1	14040253	1.24765138795052	0.310258884611122
1	17047990	0.728832725706439	0.170365461779291
3	34020332	0.0908569557169657	0.0242303127734061
7	72022573	0.0086604581589913	0.00191457016661124
1	15092118	0.698740967935187	0.218460519638062
3	33022205	0.0912987046529666	0.0183490360600422
7	74046844	0.168774858303477	0.0208204615306738
7	72004675	0.0448612520583149	0.0126972602573916
2	24001871	0.13763606430653	0.0392642698333752
3	36004762	0.200750269516345	0.0443397215921825
6	62065329	0.0986427188499812	0.0231421518347125
8	81014914	0.136886339358748	0.0349112954609415
6	66010815	0.173490894782707	0.0447431296759473
1	17000308	2.36220056728157	0.551649891461798
4	45089531	1.86657356703933	0.376766485196885
7	75009323	1.06666105806987	0.14597934868821
6	62091178	0.136740799305896	0.0298472087560128
3	31004766	0.113434274554699	0.0325715533123719
3	32037942	0.25177795441074	0.066599844286936
2	28022543	0.414687687643566	0.0762183535248023
2	28044307	0.701288612994823	0.18423746600993
2	29053738	0.463616189879968	0.121926730949066
6	61028435	0.189229519387888	0.0315556743338708
2	21014473	2.13829186092004	0.521085319684529
2	24029931	0.590616734191867	0.139921929819083
2	24020455	0.0978394773881759	0.0253829651583838
4	46001094	0.256950769796328	0.0800738378941905
4	45065773	1.46568915135992	0.321109932838747
2	29106643	1.07973260820043	0.306748326011325
4	47018232	0.279334337800312	0.0749901262536145
6	62083464	0.0973361592490981	0.022671041425151
3	33021542	0.0994859300538015	0.0294217527177571
5	56151721	0.851923041612205	0.248833761199179
5	53007666	0.153649905624844	0.0371523213025688
7	75046807	0.242675542379629	0.0491607441966567
1	11056244	0.134798928484488	0.0362107897083447
6	62044681	0.0789460087735228	0.0184279286066606
2	22016011	2.67105763513795	0.404005746267897
4	45023363	0.122829427560759	0.0202540856295108
2	22046408	1.35454307817871	0.244296171023798
1	15021532	0.742253806919884	0.203044001296213
6	63034484	0.174475027226084	0.0441820521076431
1	14056024	1.95440827466888	0.538447999957808
1	12028002	0.491454672300292	0.129700108409838
4	43001438	0.340003839179145	0.0884213215486393
3	32004144	0.123923573072653	0.0397105559327605
6	62016212	0.156562767385246	0.0324404579765129
1	11039610	0.576316625394652	0.142728451676528
3	35019222	0.223063423454307	0.0524192032723399
4	48004251	0.413227536488558	0.104448474660436
6	62068276	0.267375352781627	0.0660475553124676
8	85006682	0.0392633256507927	0.0104640067669475
1	13033975	0.100469181984652	0.0206959655213548
6	62036927	0.140162349318582	0.0369189915139785
7	75048569	0.245813421696062	0.0512711145192953
7	71038234	0.672055220124218	0.129676818775998
4	46020540	0.589334295893084	0.127745807996528
4	47030562	0.575941086610352	0.147493520761828
4	42035996	0.211419025369092	0.0475714457103252
4	43004117	0.617369978232618	0.162355680100381
7	74005293	0.366895215269001	0.0933149682120369
2	29076085	0.61683389475574	0.171593612899295
7	71019791	0.06180431056601	0.0166749722569871
2	28070259	0.516778086944217	0.175421788918422
4	45006849	0.429405219377271	0.0659624713759024
5	56091793	0.345746010939429	0.115463403305683
2	28006983	0.509964872185749	0.141593460169152
4	44000335	0.0549862975604299	0.0133506482515205
1	17054258	0.580585000627226	0.139964412850512
3	33005344	0.0458238247069953	0.0131173286785842
4	45044111	0.17344796113389	0.0270563652102783
3	35024638	0.127796072043684	0.0352458875891731
6	63040694	0.192507202646552	0.0366687006332428
6	64035417	0.510050005893945	0.0871072434716616
4	44023170	0.311249008394513	0.0452828878497989
1	17004218	0.408140291343021	0.129868396742249
2	28064739	0.786908338221675	0.217530146318351
3	32011173	0.101298242529134	0.0300191574418119
4	46002845	0.514432127496468	0.140003189685998
7	75028470	0.435412070629089	0.125268516019342
3	34037843	0.137424618797525	0.0331020590820389
1	15002402	1.96359012168898	0.486500863543927
1	12001067	0.145402333047258	0.0381021818438659
6	62024777	0.0772374927252177	0.0191480859169851
4	47009233	0.271006600666528	0.0702693294971471
6	64064105	0.467290279520203	0.101197595202915
1	15118762	0.511514743958889	0.155127057362667
1	14027987	0.496342613952322	0.132551572294441
3	32041344	0.0671164141564573	0.0130956124079485
1	15129478	0.802035764716158	0.211615624787748
4	45078111	1.02719236180787	0.236024266722936
4	42037327	0.632169785596562	0.141402873298241
8	86005827	0.265386165373655	0.0691040967876971
3	34014982	0.0702040752758478	0.0199658562959859
6	63007227	0.197082671787599	0.0386424145697222
6	62009619	0.0905450950513053	0.0195762163391085
4	45078812	1.54376455655313	0.392604000744226
1	17021592	0.453944772272865	0.137928466651548
1	15070111	0.552867967552904	0.178740818595851
7	74032123	1.47756792631235	0.173727477451227
7	75032118	0.213783376115766	0.040752620522485
2	28059259	0.783290546574109	0.226223891465084
1	15102607	0.492534489661917	0.176253352743313
8	81032761	0.108348421251866	0.0282903588460966
5	56171696	0.140673102982602	0.0382470987707115
3	36006061	0.261523001408619	0.0739620913615705
1	11050302	0.299326188984335	0.0703336475990595
3	35044297	0.0739264545702088	0.0152632755766087
5	56099212	0.360450995399342	0.126279177958313
7	75033097	1.12400860700406	0.315233472948967
1	12068625	0.52235551777929	0.157241551043872
7	72018978	0.0336405803257561	0.0102603845354965
4	42056182	0.531018036453371	0.106438540012356
1	12037573	0.386780462711635	0.0829715077038617
6	64049213	0.391386164615589	0.063575676679239
5	52022587	0.415763202011003	0.0892696042952528
1	13041086	0.0941223546265303	0.0195351636441431
8	82015797	0.0533307066103123	0.0136716206147097
4	43078981	0.272857324800098	0.034545415009906
1	15130026	0.949985755321613	0.264444698320969
1	12069163	0.483530090818043	0.144155902734847
6	64015501	0.538472737462288	0.0921640328939799
6	63017977	0.263505160168288	0.0701236845778378
6	62045930	0.150188182760697	0.027837080930952
1	13076436	0.117415247400837	0.0258036349868058
4	42030292	0.139424630551516	0.0320548771179094
4	45091843	2.61326370051945	0.573980489434298
8	81020608	0.0717053960435906	0.0140389292329857
2	29021001	0.611313582319936	0.156994448553862
4	45084276	0.248646241885175	0.0440740594642969
1	14055287	1.05083353552874	0.23510580564494
4	42016109	0.135993318397802	0.0290540554241039
1	15032522	0.541364401322515	0.145439554670327
2	25006085	0.155007965467361	0.0321667464412639
1	15003054	1.03480215930994	0.269125982630116
4	42007941	0.103863880365338	0.0158979138999268
4	44027413	0.273119348689376	0.0547661305543726
2	23031670	2.29232460622315	0.434748800893265
1	15076349	0.241929892227458	0.0737693131125086
6	64038478	0.449741793865584	0.0842890749711863
5	52022596	0.249199491789061	0.0562733634729877
4	43078424	0.1519353799067	0.0283336435120463
1	14067192	0.91566901372301	0.190129660258699
2	29026134	0.432319752135008	0.118844313883014
4	45012540	1.23547839525035	0.293999953337298
1	13090471	0.153581944460737	0.0345364415080442
4	43049779	0.125039337278485	0.0238155878883622
4	45038999	0.727027195660805	0.178279621498591
3	31003436	0.0865045006225224	0.0251359046231023
4	46037704	0.571574667569046	0.155328750372888
5	56066357	0.199584173999494	0.0871506536073682
6	61039817	0.233744226387505	0.0443663527252725
5	56135706	0.373041928776776	0.114951105059064
6	64024018	0.24021262842303	0.0530416044392509
5	51010993	1.52248958337884	0.351105634279125
6	67010321	0.153217127235023	0.0379510739898611
6	61039028	0.0860042092087492	0.0135799158884191
1	11019082	0.218085625225103	0.0614689932850119
5	52002224	0.529770896171709	0.106200938561242
6	67006149	0.331133488718262	0.0627619339683466
4	44002831	0.0736986501893153	0.0211259063139202
5	56020382	0.416657210079855	0.107372306127204
1	13000719	0.120474817966497	0.021907909080594
3	35028402	0.138090031920255	0.0348288226555902
2	28068540	0.905413303226551	0.238731627326103
7	72059681	5.73067950981288	0.871086737059396
6	64003060	0.16362566331739	0.0349832069477052
2	25000910	0.0970175468300171	0.0203788940392106
7	74000753	0.258963987691035	0.0579902333314832
5	56150723	0.199136462355704	0.0424548055665788
1	12062350	0.409243896201971	0.09887084047976
1	13066926	0.249985815231653	0.0503520489463603
5	56121468	0.434870603632081	0.130837143166437
5	53013657	0.115354039685089	0.0202447920806867
4	48006377	2.07267908899891	0.459575408509867
3	31049224	0.273739535592565	0.0783491761107393
6	62005468	0.045015673921817	0.00940188291324114
3	31011394	0.0536124047420453	0.0119116156487254
1	13082699	0.13010358673159	0.0264450635513011
7	77014498	0.593611670486086	0.144185734330488
1	16033117	0.655223854203591	0.182902496535832
4	43029545	0.158724573902422	0.0440245892464741
2	29092018	0.953281565685799	0.255077759909421
8	83009517	0.0867920677106483	0.0224124512302371
3	31009787	0.111458316707474	0.0081361688327738
2	26020850	0.119036054944504	0.0275962090951809
5	52014619	0.139591746887244	0.0330110694138179
1	11058944	0.213076220153296	0.040988204335086
5	56128152	0.35303305239631	0.116764675393939
2	28029500	0.822479651746797	0.198558163096203
6	63034541	0.173799366321804	0.0216640908965934
3	32045990	0.0750976817063814	0.0200769901933765
4	46037098	0.447944383983015	0.117974339189483
5	56002886	0.168189535131694	0.0387814774608628
6	64063744	0.295348931256417	0.0757572242980238
4	41004115	0.147292644020058	0.0328230953558592
2	29043615	0.544960749486977	0.131404711316092
2	24005473	0.0453252344638441	0.0119449799383822
7	75002038	0.359145791466678	0.0999076053199875
4	43023695	0.613519521179185	0.136721837089347
2	29061432	0.648402615774841	0.162436449826779
2	29050581	0.849388770316491	0.227215231410001
2	22046905	0.661220064359254	0.11457545412585
7	73003585	0.515666539926409	0.0854080575955717
3	34021362	0.0777732040402618	0.0222486433362922
4	43020226	0.288087606040216	0.0553879421553599
3	31001656	0.0569238162135294	0.0162674418461241
5	56147680	0.623175989108215	0.152892113441606
4	42009975	0.143376889338771	0.0359558248482557
2	22013558	1.97728356246311	0.426356796944573
5	53009010	0.130061233507487	0.033450948465229
7	78007620	0.202150836400372	0.0534463073493464
7	74022991	0.301214272014832	0.072393615018448
4	45045513	1.74510485412348	0.444286640896558
6	62080357	0.0816764615417215	0.0154468391449238
8	81025875	0.142607874526584	0.0171334688454937
5	56138330	0.226652591047864	0.0817417089345303
4	45033586	0.216429845978714	0.0425040661446161
1	12014580	0.205591270898958	0.0592155183320199
6	62049308	0.139435926458415	0.0358031963559716
6	62142365	0.306513237038248	0.0489600608744177
4	41003888	0.445084205766028	0.108096025159534
7	75033405	0.312938966338614	0.0568742278642981
4	43069500	0.397906349638512	0.0684631253298413
4	48025420	0.580043699497959	0.152040075492419
2	23017136	3.73370332902844	0.561694638775421
2	29079013	0.682261494968786	0.163575360122881
7	78019459	0.096708689534324	0.0193379686505058
1	12021408	0.259929544665436	0.0612566749967327
4	42025155	0.128318354763714	0.0408456808374561
5	53013805	0.295777736314579	0.0486042669197139
2	24004464	0.0553063226475057	0.0145241553242423
6	64009283	0.205869002180229	0.0428818370062821
2	29016101	0.717154120133721	0.188034917933073
5	56060298	0.227305544776287	0.095265279055554
6	63002059	0.451233112395856	0.116860916265541
3	34010320	0.184313999145859	0.0381989430103488
1	12080175	0.549562373692482	0.165601475713342
6	62013470	0.103390735493486	0.0277361475136086
5	53001786	0.119122250579611	0.0251007114941137
5	56112766	0.46299701474266	0.154046708904323
7	71045887	0.728777025531458	0.129877935047438
5	52011456	0.261437448275125	0.0405899451185616
4	47023273	0.603882156134717	0.168273946833245
4	43050236	0.409355080337549	0.0546432173837783
7	75024781	0.336835500143751	0.0915507530794128
1	13099568	0.233603753265971	0.0481400498755618
3	35054461	0.0716516970590406	0.0109449706374266
3	32051042	0.102997242905223	0.026170334565429
1	15044560	0.31061821434442	0.0986078961325312
1	12075849	2.15778373054878	0.48700121958541
3	33015283	0.145595957678613	0.0437163992122667
1	11046361	0.24520440213417	0.0546222259832886
5	56106927	0.205569691517891	0.0890310986852913
2	29000170	0.367225457421122	0.0864287151172963
1	15004858	1.4962968258182	0.414879732035528
1	14070248	0.349048979960721	0.0786421879167252
4	46020160	0.334774569008672	0.0993760930024595
4	46014467	0.383654255573486	0.114090948477229
4	48033647	0.190618733080294	0.0454007077117321
4	44004800	0.127471390468873	0.0305966676281008
1	11009860	0.457200769080491	0.128982315919591
1	14013430	0.897403989192872	0.258391375988555
1	15024506	0.885694503351868	0.237769102408347
7	71008728	0.0772088130335689	0.0224281325151511
2	22039421	2.80983955443148	0.480608115052099
1	13030383	0.106073614465809	0.024115589229234
3	31056879	0.441285621170494	0.102667878434914
2	24028288	0.687209666222362	0.190136356255998
5	53003457	0.115534625177502	0.0216839744466641
2	21012417	1.24335193294379	0.219598419596567
1	15114034	0.447994102898883	0.139116783634862
7	74017259	1.87255119085137	0.355903045087643
4	44017873	0.221117945748195	0.0274147158340688
4	45046946	2.85661575288114	0.696147930815691
1	16037707	0.988943303697412	0.196829644561307
2	29001175	0.945534272119687	0.177330983047725
3	31068233	0.124148254168612	0.039513184474549
1	15095466	0.871325893842604	0.254367469966271
2	29039401	0.574017612710526	0.146870278155159
3	31042449	0.172505897065131	0.0475344087357133
7	75032393	0.895351902988923	0.185951014124204
1	15098581	1.07448410794932	0.349011061076058
2	24037616	2.07911337961827	0.374991906837452
4	47022203	0.648164164151562	0.178577786668266
5	56015888	0.734019683783103	0.187018964227728
6	62129442	0.244755331111788	0.060635817703196
6	62028495	0.0887201283196175	0.0194082801573354
1	11004242	1.01192250154655	0.268801999656245
4	44032628	0.228331070819626	0.0321062554017728
1	16003311	0.516140088475078	0.160387405514162
7	75040095	0.232604096117222	0.0585491148662503
7	71010559	0.109415131264082	0.0299041678299858
6	61039179	0.0608256925856401	0.0136965420250944
1	11034196	0.807173305574547	0.218556312097897
8	81002290	0.287967267085045	0.0927003291538809
3	32043484	0.197674241827367	0.0433651863637837
6	66013620	0.564588958849836	0.0934680077620757
8	81015627	0.189864378203356	0.0307364618514021
2	23019378	1.11607655141377	0.248972703625726
3	33012296	0.106982762800332	0.03431898387802
1	12077147	1.10868043675735	0.220103282369268
6	62117360	0.134787910540221	0.0291195679269492
2	24026316	3.03052393292179	0.537686551109087
1	14015900	0.706732378161925	0.205279142789632
7	75044611	0.155777244796773	0.0297064442045062
1	12014473	0.184042827956961	0.0452587005795801
4	45021616	0.080651637504587	0.0162776846013441
6	64063991	0.258079505266367	0.0681911306717104
1	13013771	0.144345925600666	0.0214374153673632
4	45062811	1.01737748622153	0.228334433352477
3	33000277	0.141495631559655	0.0467139190603863
1	16008106	0.721923043205766	0.197236747433495
1	17040759	0.805812282199553	0.182803293087944
4	45057894	0.888483459281669	0.187844826319619
6	66014835	0.533133511273568	0.0983563850620481
1	11002487	0.67297627168309	0.20319740327692
1	15132590	0.686372504852861	0.208713525152775
8	83001879	0.123937481416159	0.0346324841842529
7	74017760	0.544117764308518	0.138532930187761
7	74061156	0.37916955928497	0.0577358853046987
1	12054844	0.456241136703506	0.124567871507467
5	56027486	0.398898543125011	0.115349449108963
7	75028731	0.557477871324923	0.0977386217420101
1	11003691	1.21679296417209	0.291997388835939
6	66006568	0.111896540209923	0.02979412162883
1	15120441	0.455957395753818	0.124166671147932
1	14037147	0.335510617832533	0.0896986418506812
5	56042098	0.2573579909965	0.0677933882004271
4	42064914	1.95013146478758	0.327146489975205
5	56042183	0.270231639220499	0.0700105181749829
4	43097530	0.390879880831538	0.0830638214791969
7	75031695	0.502816581419516	0.138533275206679
7	74035193	0.894067541265246	0.0956255821514065
1	15105393	0.36238226211096	0.0995649821679991
8	81008213	0.244329994303123	0.0514844309893456
2	29119339	0.927447366786869	0.286100112101899
6	64026242	0.175665651328561	0.0489098092210413
4	45103757	0.296018601478075	0.0539984183699775
4	46015720	0.595107642931864	0.144075177741586
1	16040194	1.42365100637465	0.313312820781551
3	35059868	0.0978052491148168	0.0268344413675066
2	25000782	0.208002355458262	0.0414666762670595
1	12098092	0.348267470138527	0.102428575032772
3	34021524	0.0969924847901974	0.0306778424039709
7	72046546	0.145644156941532	0.0274897399809363
3	34019341	0.100650430096319	0.0283082333992406
7	72040830	0.0340464376818579	0.0101550146564181
5	51005690	0.285311077449169	0.0615705815759469
2	22050646	1.33657942293452	0.248114587961821
3	35017766	0.0662358907006328	0.0182701987395714
7	78007477	0.189651499273205	0.0235145495341538
6	64062615	0.538931355869103	0.100047237867616
2	22048530	1.44022845359245	0.247785116421054
1	12039055	0.223706174659234	0.054813101229082
6	64003946	0.458465124696884	0.117862519091742
1	12021239	0.184136226184492	0.0455809609487013
2	22017648	0.33765874086414	0.0620547660997713
5	56098234	0.144380418430015	0.0345406808779481
4	44013396	1.57954378495873	0.328975580854474
7	72026906	0.0107302710871861	0.00194081480933353
5	56136951	0.51797447618305	0.176715164062184
3	31044878	0.343451299369344	0.087516440419009
7	75046152	0.244336317526731	0.0377707867649581
4	42057738	0.88137848912703	0.217110370309173
1	13054997	0.0973581969341795	0.0160774587762749
3	35017583	0.0411234276513877	0.0126851080118211
7	74047411	0.205753728817754	0.0505018434284131
7	77017494	0.120245245662027	0.0281080266841928
6	61015177	0.152479890645709	0.0362644851016839
4	43082637	0.806333283067184	0.184004762521151
3	32056661	0.329404092186034	0.0940838111721358
1	12098347	0.49627022853807	0.128851932598045
5	56062641	0.304626792132273	0.104894532191362
5	56120390	0.31211643430875	0.115233369413486
2	22012878	1.44694207240558	0.372174643927087
1	15031980	0.742538738722911	0.185792766018212
2	28033659	0.242295527678197	0.069841220022139
1	12092922	0.541101386811635	0.115368728688809
5	56047983	0.260208370154426	0.0876867550422998
3	31064549	0.445505336556805	0.107584812880912
4	46034090	0.473053971175158	0.134253483907731
2	22020019	3.70743911461764	0.386300150471448
2	28073127	0.38238069725279	0.0846231935224958
4	45053514	2.23705443521849	0.542658792662786
4	46048742	1.04208577907081	0.210263121916423
2	28027802	0.569398306596698	0.155548309686653
2	29041216	0.723044142197842	0.195426543404737
3	32017856	0.112428106291503	0.0291811379916428
1	15051033	0.558750921369693	0.150502902451565
4	44015507	0.425820702814291	0.0729222110421562
1	15093934	0.533223447786115	0.149959056174383
4	43066191	0.892949320874746	0.13798705715665
4	45032804	0.2936222785271	0.0527990061312742
6	61007161	0.395253487688815	0.0649464008756566
1	14082922	0.581798785786868	0.122924580924343
1	14005494	0.896367170098395	0.251162029769569
2	22044745	3.00558183927786	0.609049997994403
8	81020788	0.151467528059333	0.0343867751292298
7	74003290	0.233255402099393	0.0388826191893653
7	76003999	0.527283800580894	0.103345137467133
1	12049645	0.229551851568926	0.0711851310453351
2	29057481	0.389221179087291	0.112832752359506
1	15017024	0.760428154192357	0.207143228771598
2	26019230	0.0933132715875177	0.0192580573234865
3	31033529	0.0525296513923713	0.0134624249775489
4	44014461	0.27102088491058	0.0439283061503365
2	22028874	0.627281888247707	0.176062447795488
6	63023896	0.169033867928646	0.0387850975929663
1	12000177	0.173192630071075	0.0303856641107865
4	42065960	2.21191094474169	0.429225672287683
2	23032980	0.248219731506331	0.0494210021825127
2	22044363	0.523194740550731	0.0630615717209844
3	32006540	0.0837203743049739	0.0209917644761626
1	14002174	0.382207349033828	0.122540198013319
1	14079190	0.66625464944506	0.136239577616299
7	74010514	0.343072988562186	0.0946205770491969
2	28055237	0.207702605330012	0.0367567827970237
2	29118851	1.28192489982845	0.379829632893507
4	49004600	0.313174855523754	0.0822462405424746
3	31061929	0.448384361956465	0.128596471385177
4	48019214	0.286224485806545	0.0685988796165179
7	72057711	1.40431669228796	0.255679887402423
6	62062407	0.226116461500895	0.059496881452515
7	77043439	0.704698542292977	0.232472575143203
7	74031394	0.728872064779048	0.110618792899285
7	72007720	0.0408772411146495	0.010969557167868
4	43067092	0.333426231290225	0.0424923914659646
8	81007042	0.152422431468902	0.0310866277411861
3	32024037	0.120309843948996	0.0249885856553717
6	61016655	0.148307630633609	0.0194531423224045
1	17047975	0.823552417930201	0.225751944236476
7	74061545	0.404833208492237	0.0579530530407636
2	29086102	0.809739363389959	0.235115512160057
1	12041655	0.350421171740958	0.0991384156963895
5	56014091	0.336009159479806	0.0804580060826494
1	16002709	0.51525753843576	0.158834877899144
5	56130396	0.657571137485686	0.224968934312283
3	31045869	0.153808943722027	0.0417872627942932
4	42000508	0.0754957468006714	0.0139071313728483
7	71034071	0.153108805846953	0.035247571254472
1	11062258	0.144869311204759	0.0300307577108848
6	64070937	0.45826314762204	0.0691508234699874
7	74029995	2.55224844731467	0.442464260798635
8	84001650	0.251251229053776	0.0693667792274674
1	17002614	0.599871703505416	0.162008378150522
3	32021361	0.123432095309547	0.0350781479455605
5	56163580	0.960061309973977	0.233707844857975
1	12053448	0.280420869806462	0.0757863690409586
3	33010275	0.0658785428545112	0.0202411390715431
1	12005604	0.0952176087943311	0.0193541587880546
1	13015766	0.451649492328445	0.0865582289440658
6	62042305	0.173119284490136	0.0397484379507353
1	13034381	0.135971966605917	0.0193522594890067
1	17022513	0.462244666039253	0.14962530356583
2	29030278	0.624446894277259	0.16461871536903
7	78013693	0.115237500950246	0.0105548225542498
3	35046746	0.129855061600061	0.0295949755759625
3	31050603	0.186164401123925	0.0466922031811885
8	82022346	0.131408708885147	0.0310230070527385
4	45073190	0.929215428185817	0.200482868410786
6	66021342	0.105788219091914	0.0232096524557604
4	42003170	0.111076274518948	0.0336415256432899
4	46039206	0.316527990342072	0.0793226986724532
8	82000107	0.241901053097076	0.0677339641604819
1	15002337	1.33772350772722	0.278506634150294
1	15053902	0.367385238439134	0.104390961331121
3	31031174	0.0916793797791976	0.0197938392670496
1	14022763	0.36402340731017	0.0957235186727729
7	71015489	0.879124863866253	0.201382722116681
6	64013980	0.162657460684371	0.036990900319518
2	28069012	0.748777751375985	0.21214465121931
1	13101294	0.250374891309685	0.0624295592153319
4	45059197	0.33028741628552	0.0776288101706695
3	32029324	0.127059404741038	0.0272337051617954
6	62007106	0.0673643965108799	0.0140617017295392
5	56146264	0.308067632285486	0.099187053871418
2	29060855	0.473609920328366	0.11827006300973
2	28002305	0.10338437710098	0.021592153384167
1	17008679	0.743408152387354	0.208444748282022
4	43030258	0.160431475446776	0.0408712679955427
6	62020759	0.190465517705254	0.044082037577422
5	56137271	0.119808187827957	0.024167351541033
4	48032137	0.291257918962783	0.0835395725079588
4	42065992	0.158875695762961	0.0282525956733147
4	43060280	0.093473949033435	0.0223921719192543
4	42061704	0.180705720870366	0.0435838718518162
2	26001492	0.0326408768339669	0.00960792236338065
5	53014656	0.103809448556222	0.0228882789145173
2	28022157	1.17248405351836	0.227286356078503
6	65000224	0.147795121662821	0.0383507405952403
7	71001971	0.0437125347594918	0.0128258375410804
5	56141379	0.172734745595553	0.0564431685412083
4	44013036	0.344608301102642	0.054960638272132
4	41007909	0.138084301408741	0.0130749931876174
6	63008616	0.24748702033188	0.0524371953236848
2	23025760	0.421675571571007	0.107795469912651
4	42056613	0.398383214599824	0.1060666457687
1	14085030	0.153261269393154	0.0262193891397862
1	17048056	0.927073659559961	0.217471008960316
3	31042183	0.169798891800442	0.0424240012935717
4	44039814	0.28953688734896	0.0495993283439699
6	62116314	0.0942343647362659	0.0197748912977222
6	66017757	0.11853910631587	0.0191168283379178
1	15064534	0.388269546101088	0.101834013609437
4	48024595	0.21804611360582	0.0504761236997861
5	53009849	0.253323902757001	0.0403089692716654
4	43021424	1.75689666161031	0.403088475635793
7	75030839	0.177152003470035	0.0307147058715478
5	56068418	0.190138967896827	0.0377556616675055
6	62120315	0.205958247813396	0.0474586217273058
1	12062613	0.321231526321059	0.0712627137879463
1	17038684	0.768798308388081	0.185708982483634
6	65000096	0.105595890991277	0.028832090387676
8	83004735	0.0484193690347278	0.0144129768330578
1	11054362	0.560961049543428	0.12267030408787
1	16042703	0.705753831042827	0.15611678588361
7	75007522	0.388965773379987	0.0671437839109173
3	32005517	0.145285660381156	0.0431656283371687
5	56025810	0.672220141282228	0.178371328975238
2	21026400	1.13160933348888	0.296097507432683
7	77014178	0.196614250281593	0.0342685699130931
7	77047211	0.691662857694036	0.181576047518802
8	83012212	0.034267894493826	0.00977019922639504
7	72058777	0.28562060264619	0.0906584375655658
5	56087209	0.176532566252555	0.0739088165023475
4	42048748	0.101494090829792	0.02664718251312
4	44038063	0.395050547808827	0.0620499455324215
1	17041059	0.951190217260337	0.196532895217042
1	12044231	0.291299569064341	0.0821966707799818
2	29052975	0.580693884880001	0.141904059656645
6	65027044	0.233313444600204	0.0786743823525026
4	48013305	0.687781406504678	0.181341052851212
1	17004722	0.712679565940342	0.207103860698967
7	72047365	0.0924553921036672	0.027127676760724
2	21004217	0.218426201344729	0.0256813815572158
6	61025390	0.137482777729949	0.0192971412559845
4	47018082	0.394412185054078	0.0987626166721963
1	11029081	1.77963383188691	0.491128120770645
3	31078529	0.404819840547437	0.109720041479688
1	14046947	0.448744188939154	0.092566893299673
5	56113999	0.43304148694727	0.136858405053566
1	13076926	0.106608461350343	0.0259490534869307
3	31036136	0.132512282763325	0.0332236165809214
3	32042245	0.116793722506535	0.0221212620295404
1	15029629	0.507902024756874	0.145220014891134
4	44019804	0.470064648651201	0.0738631138772672
6	62057530	0.121602943743317	0.0217182704861216
6	62013647	0.0806031992949709	0.0125867513362687
7	77001839	0.235175320137931	0.0565824398770003
1	13069436	0.108837494151813	0.0218625621183511
1	18009820	0.183440217560491	0.0370068868590759
2	29072368	0.66786047138254	0.184806198584629
1	11043421	1.1594720124297	0.272693049384521
4	45088228	1.22962155560915	0.307016379891233
7	75009241	1.4034811743178	0.318109625719414
1	14003893	0.749728430232632	0.22064702776242
4	43075102	0.584673528476895	0.0951353565278966
2	29085093	1.08104394528706	0.29426064941267
3	36006284	0.232312716921735	0.0635200564035158
3	34028570	0.0941104376428665	0.0243014293824015
6	64057514	0.251207880378224	0.0683429204118441
2	23021491	1.90485225907649	0.279061824251296
1	15002786	1.5695884324324	0.354204059229376
2	29010627	0.555704498079391	0.146875533892809
2	29044216	0.623649539469363	0.15738152571325
4	46015148	0.557810841157098	0.148068935066703
3	32050147	0.0759531671192127	0.0220106096293633
6	62080721	0.0699851024169432	0.0180404606114473
5	56107128	0.346491663105998	0.115724594962088
1	17068598	0.320118113422842	0.0741979861949316
4	45014628	2.15191199469761	0.492419243967272
5	56085621	0.171034802613655	0.0694620750126573
4	47017025	0.34415775456487	0.0972947573083188
5	56053595	0.248701727552944	0.0985529929326904
2	25000750	0.189797132193664	0.048691276714116
6	62061454	0.0689062875517123	0.0169721195898638
8	81012553	0.211762236444522	0.0482359174740839
7	74070153	0.151054932065279	0.0275865793076957
7	76003664	0.710462108255908	0.121976752894845
6	62123050	0.177297096879778	0.0339507236249325
4	43007192	0.205916260548333	0.060552633771407
1	13026110	0.0778045430083481	0.019030287138224
4	45045577	1.04589327137625	0.302418297535834
6	62078116	0.0908933830478105	0.0199198790147034
1	14088050	0.28556467099971	0.0658891787932524
3	34020025	0.10677846664606	0.0315307339651066
1	15095763	0.432271563505511	0.137036897013989
4	46026831	0.557422325612233	0.130391563047227
7	72044329	0.139063999844738	0.0205147211865444
1	15140909	0.570862031853409	0.155676481053326
5	53003741	0.090758954561931	0.0131355338279739
1	16011958	0.467204490518138	0.125274004743818
4	47026934	0.710635911195394	0.194520030041957
7	73008658	0.245147462712403	0.019426767954751
7	74012664	1.90398809622631	0.373603287567876
4	45002291	0.141623869097263	0.0291524490545226
6	64066368	0.480642949292037	0.134904816219133
1	11019839	0.223971427113186	0.0782094260655398
1	16023417	0.865648279606236	0.225126306767213
4	45026093	1.3980235149476	0.405455830995715
5	56042159	0.413681521008612	0.113347846700959
1	12067678	0.510812465793421	0.142162143383298
2	26004174	0.0851342706759863	0.0230507612136333
1	14047616	0.525642076931817	0.133999293280872
3	35055971	0.0627858792007616	0.0173115521443233
1	15088194	0.680704236300458	0.218045125059835
8	81015357	0.144350237701548	0.0362644229284739
5	56076646	0.343199421373286	0.115323791407835
3	35002079	0.0422705117060571	0.0107815011291242
5	56030782	0.32531595051213	0.0663538836351052
6	62065246	0.0747218721226415	0.0187438992770728
1	11067632	0.180612378610177	0.040476398339754
2	29113019	0.911425980628125	0.241919722752498
8	81033656	0.128534201201252	0.0347260559997842
7	74061516	0.325662286870381	0.0592708359736213
8	81029193	0.0995873400139611	0.0253369869564231
1	12032531	0.623300994075887	0.119940767137598
3	31028770	0.101664269194627	0.0249306865314302
1	15005904	0.542016504645149	0.13265447146653
1	13047353	0.102127572002261	0.0211482242312978
7	77000656	0.126399683924467	0.0392095792796711
3	31053732	0.419379983965815	0.103997348112177
3	35043415	0.0802977318387379	0.0131854971227942
6	62047016	0.108351503601322	0.0265758022984932
2	29024279	0.79861702094597	0.215564629485422
6	67007546	0.328867785513108	0.0924372943017471
2	29000978	0.694224346597369	0.126531437252526
8	81028760	0.115160678120494	0.0354636916141339
6	63033481	0.232653683113406	0.0461296849049066
2	24019325	0.204937941095688	0.0509801419263763
7	75017298	0.881741785571464	0.218381258886841
3	35005806	0.106558478857041	0.0289249095248482
4	42013825	0.0749585422791311	0.0169732859580935
1	17020621	0.423480723010624	0.125190648007891
6	66021962	0.114171440622078	0.0200507660704029
2	28058575	0.838781069408254	0.204496891315316
2	29003382	1.27849440885872	0.278414170638841
1	15017255	0.711137670603138	0.182483206233496
1	15134298	0.858559176072142	0.22844431630994
6	65009376	0.444302422598565	0.100215448775602
5	51005643	0.186907592226659	0.0288409192529605
8	83013187	0.0397888561265912	0.0125890334711299
4	45066648	0.858628218740151	0.191631116248184
1	13105747	0.663675783615423	0.198699253223043
1	11041408	0.409744120906754	0.13041168405653
8	82010921	0.105807886310154	0.0306798883557039
1	13036144	0.0921438870607748	0.023499817823075
6	62004599	0.0940757154062076	0.0214287151058145
6	64058160	0.311243649770671	0.0849318903108196
5	56142230	0.363054793492417	0.125117828180374
2	25009761	0.0835388133271431	0.0166587419332844
3	32024190	0.0704284903618295	0.0176015520646507
7	77022567	0.318249476389827	0.0729081222652131
6	61036238	0.0677183532363484	0.0118680334007739
1	12078396	0.950446926618165	0.223353292201799
5	56083681	0.125108609424412	0.044976526151007
4	45088436	1.61865206646862	0.35956866859495
7	72027864	0.0613089078029867	0.0175534448979949
4	43027377	2.34196446954164	0.461292631165971
4	48026440	0.146705235613698	0.0285990652913034
4	43068818	0.138365624092066	0.0297413352509373
6	62032549	0.0883360644489669	0.0188237190567314
6	64069767	0.669677443308368	0.191737223621724
1	13084376	0.120599217591377	0.0212528230947087
4	49001766	0.287233721129245	0.0637107879362447
1	17016682	1.09315449748375	0.273242280172509
6	62002998	0.102499067119011	0.0196300539706465
7	75044640	0.319250720566223	0.0794626272272946
1	17031229	0.411670871185782	0.101707561656576
6	62001970	0.067112770490328	0.012929164022575
2	29089072	0.967641178528006	0.245827039857331
7	72044034	0.146009567843495	0.0266249275318507
4	44026966	1.33837439794821	0.256411751323349
8	82018037	0.0437790598158511	0.0133248471173419
8	82018446	0.135900408771696	0.0401751140372152
4	42026478	0.172716878487348	0.0434897560146093
6	62001646	0.15893318284436	0.028266072816591
1	16001508	0.203661434318125	0.066116691230091
8	81029873	0.187767705827109	0.0199736875978898
1	15070321	0.28391405281938	0.100201978782421
1	13021047	0.0808836509840878	0.0161834215567755
6	64060161	0.207635620626529	0.0415515979421057
1	15045767	0.665761914370434	0.172748148772281
4	45078610	1.04286007556534	0.230456903347043
4	45087066	1.90686715188525	0.442128918590722
6	62092971	0.429679476689162	0.102015304173392
1	15076636	0.834215483831352	0.252568698552888
1	14034937	1.34596800301273	0.277225091038898
6	66007262	0.488503359854641	0.135852163887071
3	33005189	0.156793822333008	0.0428705384937912
3	33003887	0.138952041839979	0.0406056487477961
1	13104438	0.134764399786775	0.0409090343973804
1	11063582	0.403090398694436	0.0865999864087609
8	81017044	0.100920240219723	0.0208139812212204
3	31022409	0.0986391684858021	0.0233448178195073
7	74008441	0.156942805081013	0.0317671147210812
7	72021090	0.010555138901398	0.00265061461247706
7	74043861	0.328596312164056	0.081296242434423
1	17045556	0.874218230975927	0.211403492441365
2	22035566	1.78776799888577	0.41978264722766
4	42028184	0.18018293783197	0.0532857572518417
4	45008609	0.185042761531824	0.0434610322491815
7	75047409	0.283916042112494	0.0630499463977621
1	16027326	1.12414583554638	0.300845338147174
6	66001612	0.324375526739634	0.097676976179323
1	12007727	0.156157719708067	0.0373185700863815
3	34016290	0.079928726440641	0.0239818388761272
1	11018880	0.197680317823764	0.0562909422502551
7	72014806	0.0199002013311311	0.00581323479101044
1	15112863	0.409406426952921	0.14431959224893
2	23030332	1.1330019647481	0.278774710804202
1	11035858	1.16951197633814	0.330258460257289
3	35051460	0.0768386693183935	0.0147691281492604
2	24008140	0.0824759554682409	0.0208841820073497
3	32007234	0.0706792057132717	0.0163804477877781
2	29039922	0.769839831435726	0.19899022542553
3	34000982	0.129628192752041	0.0322912767398309
2	22004567	0.809044551708456	0.174562396776748
1	15049648	0.523385624536507	0.143438527191023
2	21017346	2.35991487017104	0.495019881432784
4	43079830	0.293586743753335	0.0479381333995862
3	36003288	0.162589748136058	0.0404072505514622
7	72000258	0.0233750279670014	0.00687941734048687
4	47024714	0.412094719203853	0.118241595713213
1	15082939	0.525477040292527	0.154301778341839
5	52024017	0.73990746768568	0.161307698620604
6	63038567	0.219132756426689	0.0410764535296633
1	13032570	0.145325382188241	0.0209162629849515
6	66011962	1.26258050730007	0.353321846341037
4	48030740	0.234782240744987	0.0697758993698541
2	28063981	1.97031310698756	0.396723443346682
5	56171150	0.193200442904726	0.0568155452639794
1	15017323	0.677903620397462	0.176876697292356
6	65016084	0.344191692633791	0.0989807635041758
3	32045259	0.0446457027573135	0.0112321669734338
1	16040650	1.03670414395719	0.230483629130493
8	84004785	0.242855812642573	0.0670685310353503
4	45068851	0.235077794367715	0.0436677296183197
6	62139701	0.0983763085549247	0.0166305987099437
2	28047745	0.533627684773024	0.143922313990417
7	78013232	0.0473236271081992	0.0137676039182492
2	28050945	1.35121634333342	0.292634149472338
4	42037478	0.535654271391409	0.0952550228233196
1	17007598	0.701007844296932	0.200309749218352
2	29093862	1.09145772662175	0.315041732611461
1	15075017	0.632795512131916	0.177445147597192
3	32047184	0.059922913326725	0.0119707464042194
6	62011945	0.0862703457137046	0.0209946558457744
5	56094445	0.243704561601754	0.0591156019674203
6	61007695	0.391339909797256	0.094797682482902
6	67002124	0.13655619539416	0.0307395425865056
8	86001478	0.277359562019054	0.069790281622946
2	23009200	4.86413531115105	0.620081448870145
1	17046254	0.564021901424793	0.118488539293888
1	13054938	0.0968924426847383	0.0182642894530684
5	52000375	0.146048292772816	0.0337470198192639
6	66017835	0.171000728257002	0.0296206808169596
6	63038922	0.265748243846535	0.0549939388510515
7	74021892	0.262167545943611	0.0720543297375702
2	23019485	3.55562494351041	0.559660195117833
7	72026296	0.0616174793792835	0.0168540904399839
3	31048576	0.353416222134176	0.0914567099773892
2	28025380	0.655462876779404	0.135245894867584
1	13049174	0.0719222289423411	0.0128669739743679
3	33002666	0.167796663284887	0.0457246367953811
7	77024570	0.642668180494761	0.175218860004117
4	43076936	0.246464157574146	0.029782360164298
1	13105195	0.0918578669658266	0.0211149626028373
5	56121081	0.265234105078469	0.0903150906306396
7	77052420	0.205567366801379	0.0486593741133267
6	62007916	0.0715249937193201	0.0140624181738126
5	56116098	0.440636796987595	0.165897401288332
2	22000112	0.145018254858748	0.0303727049178596
1	13026700	0.106975300646986	0.0271556134149403
1	14036842	1.64534457124827	0.357569635270819
5	56167800	0.0892789546583302	0.0181228646257199
2	29094494	1.04279419564211	0.300322729985609
7	75038329	0.360802433080425	0.0693007010046352
6	64062918	0.99428930125197	0.20952568067043
4	46038758	1.06765305915658	0.280433514481255
2	29089785	0.877957288960283	0.215220996277836
1	15023384	0.644470522680397	0.187647769991691
4	45006105	1.33324560276229	0.265104127598446
7	74017847	1.50513159969663	0.294935902331717
3	31068671	0.225573208334555	0.0674363985285995
8	82030459	0.163642667531245	0.0375624125637202
4	45012223	0.384840783552099	0.0910114626194221
7	75013394	0.654126398102037	0.10371398777315
2	22002611	0.687918899269147	0.164325114576265
1	11029536	0.459930375295252	0.125251445775394
7	78012885	0.137437326288566	0.0314892372420876
3	35020410	0.220084440482558	0.0538890254767051
1	13065731	0.36803346572245	0.0813992819034843
3	34048096	0.0447846970899824	0.0104709395696455
6	62093735	0.0986846763649939	0.0218505953692313
4	46021508	0.415671787369704	0.112457245273753
2	28053681	0.318597847959865	0.0655988086822791
1	15127555	0.726888507715595	0.208496575534479
4	46048767	0.296888229870206	0.0539093093259556
2	21007398	4.08472022654283	0.663707121461228
4	49009940	0.06480129747876	0.0142337483534637
1	13005660	0.106073621939	0.0167957338700169
4	45026868	1.63968965715694	0.376236160443398
7	72012110	0.0164390003970984	0.00477550063458212
6	64023745	0.239199526960588	0.0404411546364454
7	74011071	0.741660548478122	0.169365060216382
4	43002888	0.672778900569051	0.162811177744825
2	24005634	0.0809541014254165	0.0206220334307001
6	64011650	0.110720547688022	0.0289247861555708
3	32055798	0.160682155522262	0.0429196431102577
6	64024469	0.268481038361767	0.0516199799974918
7	77033187	0.799719287907927	0.241191935659134
4	43006441	2.05178926527689	0.445466771571681
4	46009846	0.41041063756512	0.106301049138228
7	78016986	0.125281523342362	0.0250005338045855
3	31059147	0.230811894112399	0.0712406334946197
5	56011458	0.190196162820001	0.0442914326963621
6	62119530	0.282850717161989	0.0580636452392291
4	44001080	0.0834046058970633	0.019516215314933
4	43015669	1.21844433078049	0.247659332110285
2	29096740	0.418580318004967	0.119375304301497
2	29022375	0.721776989123193	0.19319303862908
3	31052150	1.0920643605947	0.2937020499563
4	44028103	0.404718685762921	0.0909840268455321
1	17051939	0.970139420193274	0.242243128575865
4	46048644	0.477885469080351	0.100289831454297
1	15042600	0.495213585967821	0.147545896028915
1	11060293	0.152694888002048	0.0409487084721621
1	15038087	0.860835188476219	0.24127771033862
1	12043875	0.538288004188875	0.152841927295082
5	56078404	0.248548376964419	0.0910403534441911
1	13082664	0.111237045184955	0.0224522044986868
7	77021643	0.407013810680664	0.103570252661002
1	13040921	0.0910572551027877	0.0153194397930561
4	44048351	0.221567212699731	0.0405013848938282
3	33005194	0.0621618087919585	0.0180136918841745
4	44003509	0.0849405365256477	0.0180186225723741
4	46016092	0.63419371606056	0.159862395970749
4	44042240	0.19047449991378	0.0472415868859066
4	42010133	0.204145568041979	0.0414900609186522
4	47012736	0.209836827565952	0.0561063404884927
4	42007760	0.246998646396975	0.0334922169357815
8	83009064	0.124555742563666	0.0365316247767813
6	65015876	1.11191145895011	0.216535925991349
4	43052020	0.109802818342777	0.023496200680289
6	65027589	0.233543336857838	0.0698041566319243
4	42009021	0.123850299174611	0.027484943910396
4	48009486	0.569736702901642	0.152552245748452
6	62077858	0.0936404090208505	0.0240476951005971
4	42000430	0.052159024242017	0.0122666154433748
3	32046554	0.107192420711137	0.0253040382316612
6	65021766	0.141647001300185	0.0406298594770703
6	64053954	0.709505358202314	0.130269533480789
3	31004418	0.0560730736557051	0.0145680023310346
7	72006283	0.0374442732505149	0.0109640191058406
2	22018914	2.47431107836493	0.47457872178899
5	56069397	0.177815132591282	0.0699408183933217
7	71019207	0.549772801691343	0.116835981706221
1	16041999	3.14243013997531	0.750917824260862
3	34023462	0.0836578419868038	0.0256596515100046
6	62127388	0.119826203678896	0.0268426293211891
1	14079617	0.186638329376956	0.0316724094860493
7	74061256	0.627229323370673	0.0735852449474201
4	45096433	1.50526747429628	0.369605811918799
1	12050468	0.198917492446114	0.0686728121025016
7	75036671	1.16252431456204	0.266706859963561
6	65000080	0.207958884667163	0.0520864975280978
2	23007783	2.04330583517233	0.285154222397374
5	51000848	0.247399792453127	0.052089843987855
6	61023393	0.0901218666301477	0.0224565457826508
2	28051416	0.393743719928127	0.0623968495768389
4	47012398	0.491089614246753	0.137657629157386
3	31015632	0.103445483019037	0.0306052574244911
2	28033881	0.406754389196523	0.0902545789111099
2	29119198	0.804346326275603	0.223072545400399
5	56155943	1.25812625950424	0.344253675313295
7	71016576	0.100853500826635	0.0272008832944068
4	45055525	1.25144609617873	0.310503896721671
3	31044948	0.134612880436566	0.0308306908186342
7	75042673	0.139018138458779	0.0276938634004382
5	56054080	0.661429789563559	0.221274703174529
8	82039703	0.680116049692062	0.15693446372574
7	72026733	0.190268943096458	0.0557202858619711
1	12045118	0.413253633385356	0.125970714103238
6	67001874	0.132242096925018	0.0288511284472461
1	17006601	0.925541340861709	0.275388148236968
1	14024413	0.41952869248731	0.0979963008478108
7	71015651	0.0845359456712768	0.0254816997387471
2	28021196	0.583046188322647	0.145073314239107
6	61022069	0.198609429959579	0.0408563463994222
1	11047741	0.386181441245086	0.0938114804735146
2	26014459	0.100860932385068	0.0257972731603351
2	24037148	3.76993291652419	0.366977176630051
6	65005527	0.218346692307446	0.0596433820648503
4	44005510	0.132632963175059	0.0302365241258673
7	74026960	4.94824976892543	0.834188720454174
5	56074901	0.144966544966124	0.0502842352843195
7	73009821	1.22105691134358	0.222831717018413
6	62147946	0.0926368978105999	0.0214338975243238
3	34033656	0.109336824505607	0.0261901956552884
3	31055679	0.447006528216714	0.101866308322338
3	32018866	0.231066281805476	0.0595456869181584
6	62124421	0.326196602154558	0.0774362649829443
1	16029752	0.610284318136784	0.134647986427763
1	15043641	0.658894243901477	0.178052248888482
7	71043952	0.066689151777422	0.0139907935217088
4	42009924	0.131067520458137	0.032766623352805
2	28056318	0.800073576499327	0.206469534025957
3	31047217	0.0733692671211911	0.0189667769498571
2	28000063	0.081898773448765	0.0195246899559848
2	24005848	0.0690570794732248	0.0207724585315499
6	62071285	0.135627479449569	0.0209301409778042
1	12077806	0.984536660946904	0.231713024216449
2	26018549	0.120824860174591	0.0311268644382604
1	15051847	0.368308547286539	0.116808095188676
2	29010012	1.41823883380649	0.369146456686407
1	12059123	0.216157766765346	0.0554892399078547
2	29071138	1.24810294969644	0.34061256617238
4	43016262	0.524720280533706	0.130386269411016
3	32011080	0.100674922783091	0.0273527862810208
3	35036648	0.112964898253884	0.0277284264031523
2	29002526	0.32829627330973	0.0844052389806151
4	42028611	0.148215301569765	0.0421695772382616
4	48000104	0.430710656667184	0.0993366018510951
7	71004434	0.0612408688993437	0.0154966565385992
1	15095946	0.748137715020513	0.222721610080233
4	42009340	0.150614073060582	0.0298857910455778
3	32015491	0.104601362345781	0.0306408006097877
7	77021547	0.549163702302956	0.142949062693758
4	45001062	0.213621781784278	0.0362133855674165
4	45026075	0.112242750719093	0.0257049388177114
7	77056909	0.419865658652878	0.0899870528095315
1	12011547	0.451433170548685	0.105178862880073
1	12035370	0.214591153272102	0.0590799876251977
1	13017003	0.122492599869676	0.0206725915650904
1	15121811	0.504360088649383	0.144159465149952
1	14050011	0.472938013383581	0.102135605291996
5	56080616	0.298878218312278	0.117455992789729
7	77035532	0.180373990297805	0.0485864999282685
7	78008945	0.152901702186429	0.0250885689230509
7	78014977	0.0800912167147718	0.0105841120694366
1	13093153	0.0882970769811171	0.0186876034949387
7	72005695	0.0592501772546975	0.0173379562726292
4	46040958	0.167254888354451	0.0434837579830226
6	62036911	0.112935101101642	0.0296275009911931
6	61003873	0.289385870680895	0.0529843757039384
7	74004515	0.370529517243155	0.0956678592655099
6	62020981	0.0793765368366377	0.0166622648607724
2	28019358	0.318819222709297	0.0845547208175229
4	43080283	0.511793739881299	0.0897151543859875
3	31076210	0.500178910913989	0.127288726523598
2	22033125	0.663991503626036	0.119099822755691
7	71016985	0.233391190542437	0.0539301584349977
6	66017664	0.113745462403718	0.0156094319620137
6	63035572	0.185218281758145	0.0310804873778992
1	14023069	0.263121485698273	0.0881275188629944
6	61031398	0.144368099744182	0.0358030565288986
3	34006589	0.0597527095122155	0.0172988399207446
2	29044229	1.11046533636704	0.266520917104799
1	16043051	0.844657426191126	0.203295581463472
3	33014948	0.0966277490204355	0.0316686265806723
2	22013652	1.41104854618145	0.324407814824559
1	12007650	0.137853129085517	0.0273599657726533
4	49008330	0.0985021490343362	0.0227049897963822
8	81022475	0.0938558717358526	0.0188074873706853
1	12097662	0.262659033562037	0.0677001952211759
4	42010820	0.126005797032802	0.0279870447142769
8	81019264	0.248963508834436	0.0716102770067598
4	47002490	0.117693862177746	0.0303016929623373
8	83017003	0.0464858333521438	0.0146152630557439
3	33007492	0.0571982786947383	0.0157668298730145
5	56131926	0.380625121820845	0.128798165252502
8	84004781	0.198718402433624	0.0535400790465649
4	45067789	0.522365382236646	0.111708758510429
3	34004245	0.116611668320535	0.0379367553401108
5	51002743	0.253425397806793	0.0585266066528564
3	31024987	0.075522823700048	0.0175168825352164
2	24015245	0.100885093987711	0.0208317486067893
6	64033083	0.24556699450434	0.0616174883162872
6	64019638	1.32477415832412	0.386614980398992
2	28056090	0.58915023692784	0.0972151399614407
1	12010224	0.113966433813591	0.032395282421865
6	62082585	0.117733828241706	0.0273576078085892
4	43095074	0.367004383567332	0.0549377920881297
5	56109885	0.408559456308197	0.124461904530389
6	64023100	0.216150970518547	0.0439220347356759
3	32002564	0.113007808942918	0.0299283787250646
1	17061588	0.160446517556844	0.0391116483561689
2	28047326	0.515043722744656	0.130963444044323
2	29026196	0.78900697837549	0.20710971231245
3	31018596	0.105003597978413	0.0266060293334068
3	32024495	0.13907446026865	0.0370903694361378
2	29039730	0.485377978215743	0.132354192853878
2	21001548	1.02313243561549	0.169994338950126
8	86006984	0.236016123154627	0.0607024843580037
1	17002670	0.501320161091019	0.15133235089252
6	63038881	0.163341041494579	0.0345710339829111
4	46012842	0.427601786875713	0.122867396244492
4	43026292	2.4729487000267	0.550629021795819
1	15038838	0.542606064655319	0.144469573111267
1	12083875	0.435078331091415	0.140893162049423
1	16011877	0.234188503525383	0.0727117092609647
3	33021353	0.0980801438299811	0.0265715750720544
3	31047405	0.160057886205298	0.0344762492304299
1	13079343	0.218980520310501	0.0401547457914484
8	81021833	0.0814817047178827	0.0185710968875956
5	56139344	0.317820888677255	0.107302799806422
1	13011791	0.0769247595194807	0.0129207658784029
6	62115633	0.108421361374356	0.0226948276394118
1	17048070	1.16685786167827	0.252326236400626
5	56132605	0.384531153590993	0.153957622258532
6	62065362	0.0912067970481173	0.0224339548742494
3	34012035	0.0622465065006908	0.0199172035923596
6	65023384	0.140203627989719	0.0470825404204909
6	62086434	0.0990978302311289	0.0182816009369807
2	26015210	0.0690737983166454	0.0141284673186009
4	42064527	0.219757510320413	0.0495181110232197
2	28044410	0.443098331768831	0.134054257598048
5	56128097	0.420738531440295	0.131338271940266
2	29084943	1.20685077617624	0.32310317504147
8	81016133	0.129016602494181	0.0213945536243925
3	35003440	0.0907686674986135	0.0298391905145062
6	64034585	0.300682015047761	0.075138157754607
1	14039639	1.87749817758193	0.410908146225859
2	29019345	0.870105886837671	0.204282007912788
3	33021770	0.107385553353729	0.0337416528765863
2	28071564	1.45246903346714	0.325608580533183
1	15103127	0.528756644507256	0.16163719833369
5	53010840	0.330753660826523	0.054434107294026
1	13047631	0.0858045736929264	0.015888935509511
4	45045177	1.16795075168271	0.318691720494115
1	15103496	0.600317806522005	0.185470396271267
8	84003738	0.338132553150878	0.0939644184201389
1	15137760	1.28924826385296	0.373185114448474
1	15102954	0.485514114509678	0.156708833431616
1	17026608	0.740566480444479	0.177493139371008
3	35032546	0.106869415670537	0.0211383240984448
5	56008361	0.646512912160383	0.148289282910051
4	45048396	2.52105081570533	0.58273945871952
3	34050498	0.0815421817828652	0.0201656132356713
7	72007818	0.0443968914619873	0.0136629152709611
8	83000069	0.141352496888844	0.0388431971134839
1	13091354	0.119634880376367	0.0247635846794286
2	22034226	1.4214008539847	0.359668454589994
1	15141273	0.824527055775139	0.20676582202111
5	51010715	0.672117768982548	0.12663841603156
6	63024078	0.948349820090406	0.187680522721862
5	56000811	0.245268186366999	0.0694955274735374
3	35031689	0.157920588530762	0.033005049478605
1	15069278	0.800300082433982	0.204905499477331
3	31034876	0.154136063705796	0.0307324218993961
2	28052813	0.286216053874147	0.0541277093559258
6	61006745	0.434509518465866	0.0931309395495896
1	14062464	1.02886074756666	0.233980907021346
7	78001542	0.0644068039654616	0.00819290058670542
3	34013269	0.101208891124124	0.0313592320437539
7	72033107	0.0714775089886626	0.0174140134195266
4	48019697	0.924746525866397	0.244801862065004
2	23024145	2.99989416029787	0.452165011769498
1	14002305	0.308947453440728	0.0913976197850966
8	86005666	0.253489522425711	0.0707532525101355
4	45018628	0.404376096152826	0.0670988763359341
1	15100012	0.450078753089146	0.126288308611436
5	53000787	0.0916266173884918	0.0202683463211971
1	14046873	0.272171863198581	0.0459163153719236
7	78024873	0.0962589651131944	0.0181373286936006
4	45054267	0.288264049780356	0.0690924672772228
1	14050609	0.674685978107564	0.158516603969005
1	15125519	0.644265183750046	0.186118228000442
6	65030560	0.0920820677358508	0.0161089753634498
5	55000182	0.127931284623975	0.0258271717164694
6	61033148	0.144688513313432	0.0286868123445428
4	45093011	1.3845650187988	0.344905740611415
7	72039062	0.203624233270644	0.0404976276873764
4	43001983	0.197319611745726	0.0402698902231089
2	28017335	0.336728347801952	0.0733774996069952
3	34043565	0.0817016705551047	0.0180602649299356
3	32010564	0.0879348487351347	0.0225743456880566
1	17067986	0.909959824865084	0.194201102485493
1	17066896	0.73255995754838	0.130254122312971
7	74012350	0.408116671118273	0.127350350229346
7	72034517	0.221562038240613	0.0520060387731687
2	28052573	1.86948184497362	0.434116600809377
6	62116339	0.108407472073926	0.0252018805735228
1	16007476	0.478623277243744	0.137417965596529
1	15090451	0.366862939018565	0.108072391574888
3	31062929	0.625317452881404	0.130797813021673
7	71017333	0.1855679439763	0.0483641296767111
4	44001110	0.0957631161968219	0.021923679742065
4	44049323	0.104392045593711	0.0277858186855146
7	74023964	0.200812217998796	0.0566787917836584
2	28067871	0.59286675695067	0.143322199734712
1	11054110	0.244166082009726	0.055057417877941
5	56167364	0.129992764005355	0.0243683680782059
1	13035360	0.114428235403335	0.0215391213395519
4	44029883	0.238301952457295	0.0505828164218606
5	56059134	0.413772556818115	0.134028586809164
3	35017077	0.106367601265874	0.0221395448632555
1	13105397	0.143422767699313	0.0422032585353677
5	56017400	0.496738452261296	0.129972188508994
6	65030372	0.221805964223983	0.0779910631101009
1	12077086	0.291541662485689	0.0709251250917249
4	44021599	0.310797785605294	0.0458865775946949
3	31066248	0.296465582794678	0.088407213428152
4	43042602	1.52489456984655	0.341225286653519
7	74026422	3.83796956166828	0.75195002984391
2	25005742	0.0338377924434164	0.00932906790602992
1	11065699	0.171292959107474	0.0345560032696059
3	32033429	0.112239660026856	0.032062894787535
8	81006511	0.327414930964409	0.0771544730158732
1	14049245	0.644140403704407	0.125782105639093
8	82019102	0.102899009709646	0.0288042991347202
2	28034026	0.292637554202008	0.0805192669967158
5	56123172	0.204645415496488	0.0456381447888578
5	56137896	0.305975364340717	0.11077205463963
6	62144760	0.175413985822885	0.0399370852768198
6	61026887	0.113330057707868	0.0213822447531927
2	25005249	0.082492338865824	0.0259227389194366
7	77053345	0.146241208632051	0.0328385169026967
2	26009875	0.0604469097369589	0.0153019058309092
6	64037819	0.794721531020676	0.190689495585207
1	11050480	0.177517804003362	0.0361803181779369
3	33013431	0.0437969147878018	0.0118792703100468
6	63033716	0.165643594722154	0.0246208290514609
1	11068157	0.198436365140261	0.046426805244362
2	24027452	1.88996415308594	0.330474448073912
3	31006650	0.123686978159106	0.0358302562902232
2	24005743	0.0496079593298906	0.0132557406020044
1	14031703	0.73594939016367	0.176416523752764
3	31013380	0.0606447079605116	0.0152911406949027
1	11010127	0.516040054835123	0.153469561602863
3	35012278	0.0855749510694764	0.0295091093256687
1	14082847	0.818331930639271	0.177699894831274
7	72058237	0.824829929417813	0.135996271878001
6	66021132	0.115566670950815	0.0352314585159276
5	56123080	0.299366607055999	0.100559066770356
4	42021925	0.138972069079266	0.0419587630414316
6	62021103	0.0693951841135714	0.0157270226705342
6	62110386	0.131361979727087	0.0211452623634481
2	29016678	1.2291315019883	0.302921187271278
7	71011346	0.245319351306398	0.0506234639775841
6	64013107	0.199569706374053	0.0411626755203396
3	32015325	0.0659535958694756	0.0195888059156968
7	74041856	0.194994818529232	0.0426636979103336
2	28066440	0.739297442967788	0.147851861761678
7	75048164	0.276583945611053	0.0528509799150981
4	42048707	0.123182875166896	0.0337406820224258
6	64053643	0.282327520619403	0.0597259754588746
1	17016948	0.835694767539998	0.246767997793336
3	33007487	0.0716175883052712	0.0200616090017127
1	17041651	1.2010416838505	0.269395088102589
5	51008970	0.279917981518289	0.0495092406599551
6	62099650	0.129980038613685	0.0213597064530591
8	82038683	0.188850612909951	0.0541915904302171
6	62052195	0.135309878577188	0.0340198008959091
1	14072853	0.964127254724922	0.229715930047779
5	51004164	0.140015882519819	0.0255038033677253
1	11006847	0.905570750230372	0.243989323975828
1	14000165	0.29212597981185	0.0856247106725062
2	29047371	0.548272880034984	0.13643399451294
4	46027542	0.256331439279601	0.0537519450012232
2	29113157	1.06313977478294	0.288476772059172
2	22002025	0.568433807918333	0.115040389551855
2	21013958	0.469548901033233	0.0866673249189745
1	13080379	0.11837772022327	0.0227356541173257
7	72012123	0.0126340852530189	0.0029628590721092
1	13095715	0.183063278183956	0.0411031704191245
3	31035381	0.0969964986919232	0.0208713459996186
4	45056993	1.09765904162111	0.228168847272401
1	16026723	0.717349704279873	0.186166551040267
1	17015728	0.586702905454085	0.1890544091119
8	81019233	0.061263827089395	0.0168315608923715
6	64034646	0.236229953179783	0.0497768390532646
2	29050702	1.14071319811298	0.326070007261872
5	56076235	0.26734860611215	0.0986968942234322
6	62102633	0.286900603315842	0.0744122332586257
5	56025874	0.429254038134045	0.104516696733421
2	28042893	0.509988962264959	0.147770099234156
1	12009440	0.136946180415431	0.02809394074499
4	46032289	1.53286606436552	0.330269709651546
2	22021163	2.37231448586277	0.520961620622377
1	15053487	0.287603554817676	0.0832454237006747
1	11070387	0.154056862196009	0.0286102647162372
3	32046567	0.196385518241016	0.0505882045780328
8	82005415	0.109614115505486	0.0316890785049658
1	13024346	0.158191936808124	0.03316394848728
6	61024458	0.154305567679804	0.0358253786279259
4	43053451	0.0895915164089467	0.0196090363053048
5	57002610	0.1197754028959	0.0178075900250229
4	46034214	1.97935009508762	0.452533058226338
1	15085757	0.577216806041898	0.184476118840529
1	11063519	0.272277445992075	0.055646708076034
8	82004607	0.299785711030084	0.0754380240476962
4	44040865	1.41526959568058	0.295533482532326
5	56024821	0.355211316881082	0.0892612204676596
4	42017918	0.0983682878293062	0.0202537045658354
3	31025092	0.0598342854547197	0.0162401237106349
4	43095369	0.191285047508412	0.0371034993448654
2	29044111	0.507439001582076	0.137357633660697
5	56136991	0.45651057572713	0.147163856234753
4	44037920	0.132262365336857	0.0312013127541912
1	15114843	0.765593470508867	0.220028393734992
2	29000953	0.494087112404325	0.116076111846854
3	32024079	0.109947886147545	0.026754397964297
1	15042669	0.563447430754444	0.162576306030559
1	15013503	1.96817036722499	0.478672693360875
4	43097070	0.484966594563357	0.0945988868688493
2	29009152	0.629411419169678	0.137535019079304
4	48016608	0.847559842013902	0.21967024550614
7	72023360	0.0212293802799373	0.005687168649559
7	71027479	0.394490052778735	0.0800424062547274
1	15003243	1.75378335548367	0.422478899374705
1	14018287	0.755522076890238	0.23533655606313
2	22032114	2.13284744508907	0.373650058892085
7	78006007	0.141350413426654	0.0303290595128376
5	56107690	0.334550926127461	0.113127372099015
4	46004091	0.295826201955879	0.0784538846895891
2	29072304	0.412564786742133	0.107986123866169
4	44000656	0.0816515426882758	0.0178407741972066
6	62028152	0.168845551987638	0.0318724256831219
4	45101773	2.00006517767819	0.533066175036627
3	32021268	0.109061898291924	0.0274185348031139
1	15001263	1.08460240809854	0.223871391805986
5	53008432	0.104624238707541	0.0242940273464947
1	17054821	0.2294022851415	0.0365153448815593
1	15079498	0.404123463046642	0.113231486737388
4	45097929	0.106227794341357	0.0269334813601069
5	56039738	0.353198370802952	0.107997353633683
4	46006676	0.551432344033413	0.154248447401277
3	31073740	0.20840659803911	0.0525640768545095
6	61026759	0.36327311539902	0.0585989937933281
6	62135887	0.114083346886348	0.0219445562035689
6	62024629	0.0885693478134819	0.0185116380832398
7	74057244	0.575879721544669	0.10475621970281
3	33002258	0.088802164160588	0.0207809840940679
3	35037069	0.159612120983251	0.03968583462438
1	16049216	0.270406861151753	0.064852043027628
4	47033631	0.131882938197392	0.0226811565634248
6	61046348	0.0601250156960111	0.0125349655565669
6	64061877	0.328000692531829	0.0866053062136335
3	35039021	0.159542859503379	0.0470676636267033
2	29016519	0.299228808969824	0.0739619386266434
7	72023167	0.0356233128146341	0.0107695895776432
1	12013308	0.157925554717611	0.0345478534074047
7	73006227	0.321106744163964	0.0591375553800606
6	62109158	0.208926048399394	0.0471781972794898
3	34028995	0.0641582034822472	0.012790774359915
5	56040458	0.358934656424238	0.129790181287647
1	13079963	0.143239872158996	0.0278948635369516
8	82039511	0.198052163101224	0.0529264482097464
1	14053174	0.24984020638643	0.056516379439489
6	67005432	0.509244429302781	0.0965137013247497
7	71042356	0.106326680177762	0.0283428965409175
7	72049018	0.0786409746775236	0.0190026234337045
2	29056751	0.671946249124664	0.164487071649522
3	33000961	0.0333914535869675	0.0105566667408857
2	28071104	1.16762494133913	0.291216530148666
8	83011629	0.0270941447288779	0.00733826374189548
7	75016957	0.543030635265053	0.101705629430211
7	75034190	0.178062587108036	0.0317812399538248
6	61023413	0.0849858817549406	0.0184849361233801
7	77033791	0.911349691446917	0.257013883341412
4	46031550	0.718197739351367	0.14460730395325
3	35059620	0.0893339217699543	0.0142290570907026
2	22049751	1.08270130918698	0.256795105414792
1	13024990	0.156835182930745	0.029890188389103
2	29051125	1.04115014815846	0.310541816585107
6	62090208	0.239434322173736	0.0470657003865762
1	11013112	0.794748152175096	0.229766074113844
3	32044277	0.0922813251469518	0.0273590345422822
1	12088267	0.445391889637964	0.139540232336213
4	43050138	0.260800055646045	0.0365644006930288
4	46039392	2.30933623947667	0.561236266506615
3	34008862	0.101713601841625	0.0277581228584525
5	56122651	0.300161086402485	0.0932661821000483
6	61019057	0.263188489279966	0.0523104473771026
4	42035658	0.179787955236186	0.0462894676648832
1	12012816	0.499725321547836	0.139489882003501
4	46015111	0.420985844101927	0.125985300438891
6	66020663	0.0834765996751459	0.0239376729112546
1	13048055	0.203523483275691	0.0573296484670295
1	11043339	0.384430149137767	0.101572410333731
6	62021424	0.0597132068188027	0.0130807872197074
1	11046073	0.53671033473004	0.115182808461523
2	22039621	1.10334013577561	0.179026481773651
1	13042422	0.104505604870048	0.0191156128517679
3	33009706	0.036337508369484	0.00956120853567812
5	56013122	0.504480091250429	0.131198461263336
7	75013318	0.487068669127755	0.118158639362398
1	15130018	0.838189737919117	0.265973026560344
7	77014897	0.554320505177615	0.164213121119564
7	73012574	0.122108577786555	0.0189101056869493
1	11070419	0.137317484870828	0.0250135168465033
7	77057544	0.800349305566707	0.184191910838268
1	15093381	0.503889764662008	0.147304380700068
7	71024476	0.60743193700141	0.135599590898237
3	34003579	0.140530276056903	0.0244777230297695
3	36003831	0.311802460351014	0.0948049197755608
8	82023844	0.0602562254233517	0.0145276356090445
6	64046462	0.203639540710546	0.0394791533631484
4	42028195	0.270370819529648	0.0633111323554038
2	29017361	0.272327828980497	0.0684853404327963
8	83020320	0.0663741209464456	0.0216296549894475
7	74059839	0.202288695160806	0.0312658003824825
4	45016307	0.105574902724531	0.0148162588928382
6	62008986	0.0667395387984175	0.0132063472238119
7	71048187	0.916229902752128	0.139252447609953
6	63025724	0.209462640122843	0.0418654681368558
5	56077688	0.542506205428535	0.170516162491793
5	56055130	0.437765174882402	0.143625809121894
4	43074955	0.368253017707236	0.0564101529838495
2	24029352	0.827625509586676	0.210705022836072
3	34023044	0.0977713912832611	0.0286818072330896
6	65014811	1.15678483714366	0.225346094646582
2	29078199	0.506604682151574	0.142746411826838
2	29082244	0.331364689704992	0.0886584241610208
7	77033218	1.97188286923851	0.528234494422507
4	47010981	0.156320100406975	0.0428929577340481
4	45054871	3.31688382951559	0.778976056481668
2	23020326	3.98551007616545	0.518737813831906
2	29013625	0.670500149049854	0.190571299388085
4	42005864	0.0987602881680091	0.0225669064770441
5	52015255	0.105560832457278	0.0225631540470339
6	62011651	0.06639773437691	0.0139647937977044
1	11049754	0.395791658110369	0.0801562949452
1	12082498	0.456388325548836	0.139349042887744
3	32027421	0.108645588842277	0.0307179064675062
5	52001734	0.464268185138098	0.0927439725511823
2	28020476	0.127681960710522	0.0233544547037643
8	82039709	0.12577642019018	0.0362628686688767
4	46033215	0.503532976461103	0.143105126803583
5	53010096	0.108188690909055	0.0270229825877157
4	43088831	0.269238034037922	0.0397620196434934
1	12094620	0.333072457260263	0.100103982069993
6	64056275	0.295006009098335	0.0593926952857764
3	35010249	0.0561931269280022	0.013049065735991
1	11045051	0.476406104513307	0.148486087904312
7	78005157	0.0429315385537931	0.0189438824301303
2	22002722	0.638773568394946	0.147297139505984
5	56047543	0.302888168387919	0.121415595827695
6	64071179	0.36918953188014	0.09762594783373
3	31063801	0.15401750993335	0.0336844784773829
6	62015130	0.143009387689798	0.0298430631212023
4	47026270	0.966388407581957	0.268335765044777
1	13056523	0.108090075654962	0.0240503907139042
7	73016059	0.16797145824369	0.031303852074898
5	56009695	0.196469170716523	0.0406765566525934
2	24031266	1.69257496877695	0.316567814007952
3	34049417	0.0501604825634164	0.0109436024426988
8	81036242	0.109413812344076	0.0177484518190215
4	43083582	0.456379818398169	0.0829938483545272
7	74008910	0.182619046999262	0.0373033516261596
1	12038554	0.213557663344444	0.0504601873626349
3	31004616	0.0741554341502681	0.0218524724340803
3	35061753	0.161709375852622	0.0273448862908361
1	15007668	0.72576338792549	0.16681125946279
6	65024020	0.405273543523458	0.139573165236237
1	14028643	0.840686560264249	0.239438329544245
6	62098111	0.0763676322494365	0.0153773536061774
1	11046123	0.3538015036619	0.0860022958567572
1	14044106	0.843949307810797	0.186491989682705
1	17064291	0.402725193158558	0.0900066838058572
1	15054985	0.367873428037484	0.102289944613891
3	31079478	1.58661325842841	0.383128792481112
2	22034057	3.09692469553839	0.508258678258727
6	64074943	0.504047286040045	0.101547540317502
2	27001431	0.0658035095982714	0.0209665388294428
1	15076475	0.601016238075529	0.177011345181584
4	42056206	0.540452327214083	0.103073257051387
2	28029719	0.371240922926038	0.0973063122573857
3	32004885	0.0954431742742736	0.0271027156074353
1	12032098	0.232333701387263	0.0472586102728509
8	83003080	0.186924392837487	0.0480595814785797
3	31080554	0.154132170500204	0.0262862834444896
7	74001706	0.688783354963999	0.111854026718537
1	14042268	0.312789954725284	0.0757129498773316
6	64030357	0.147626484275834	0.0327444618472093
8	84006193	0.122748698037358	0.0346365690085595
2	22048585	0.374717359911344	0.0607863670369499
2	21010053	1.5508959511108	0.247449033677337
2	29056304	0.587295663198497	0.148329129155498
5	56172052	0.0768272879200516	0.0196523419280901
2	29078159	0.954666702533878	0.271904661657952
6	63012700	0.516391963641646	0.106983353251185
7	72005957	0.0457893433361417	0.0136527191305867
5	53017529	0.238846765219255	0.0504831243716257
1	14061351	0.775584566085771	0.168742591620525
1	13057979	0.131090683488661	0.0266156845216966
1	12074167	0.192275414309854	0.0352529546015408
6	64063131	0.351995276198692	0.0582779224961751
8	85004669	0.0648335246069924	0.0181377104735956
2	22052296	1.3476943263981	0.283674809953334
7	75016134	0.62850181800825	0.121515985788126
3	35027687	0.100434301317649	0.0212633135220404
1	12066809	0.190279213605099	0.0553210627877678
4	42021865	0.485027297631654	0.122605364120743
1	17003570	0.539346691903197	0.157868776163536
6	62002170	0.053833179812908	0.0127369995854863
6	63040383	0.191722973762667	0.034888873675034
6	64012841	0.314773270277081	0.0676041234378646
2	29104969	0.903958461118177	0.253608468182123
4	45012576	0.642976686705122	0.17618320576451
1	17005957	0.790726555680109	0.223897589981499
8	81009162	0.223359355742426	0.032936713096254
2	24025176	0.109687644441249	0.0255196428378815
4	43019326	1.12271676961632	0.27230026999057
6	61017071	0.183211749410638	0.0349921173353248
1	15065344	0.356173430617015	0.101150076492505
1	12037860	0.238851452192239	0.0517428610573709
5	56172203	0.0729235156380684	0.0142167584040628
2	28075529	0.63280855164498	0.145014754070437
5	56086157	0.553787197810079	0.185230713593583
4	43062227	0.843538311442881	0.155421755278749
3	32010217	0.161961302817981	0.0431879508885716
6	62072450	0.0776049785395914	0.0195007814694435
4	45082492	1.70737795494894	0.335559646078624
8	83009716	0.0692243488956023	0.0196100115357459
3	35027089	0.240422646732036	0.0630096562450634
7	73021857	0.308278325784791	0.0689231255540825
1	15070965	0.912427457968085	0.240174812082051
7	72035001	0.0505728792170143	0.0129171749199486
4	47033430	0.22293592470419	0.0547072800195072
3	34003737	0.0762268934198887	0.0258364307184701
8	85006197	0.124123166113415	0.0219818995990771
5	56033576	0.585335551571761	0.191012612826994
6	62152334	0.30734065549569	0.0809523882017699
4	45072071	0.514503413490209	0.115302212361211
1	13098478	0.130854883526029	0.0308721434950719
6	62007282	0.0864289201646689	0.0203857964487793
4	42063583	0.10878773575972	0.0249760381648224
1	15030697	0.627369467809044	0.167734076841818
3	32050240	0.108067851111754	0.0300781467154866
1	13037079	0.0772784621284848	0.0156747793911001
1	13077679	0.123120070569087	0.0225682448029069
2	28072344	0.405030549077637	0.0702133845141032
1	12094350	0.555312089674931	0.182651585126385
3	35035628	0.0838014245973657	0.0226869447345145
3	34018050	0.0964440189164374	0.0305134357988329
7	74070935	0.134328338563714	0.0206520668626968
5	56126519	0.361847184909056	0.13620589466875
5	56095886	0.270407474512913	0.0922507339848125
2	29105966	0.908216410115884	0.243869975386884
2	24034757	1.66339891522965	0.369812207984359
4	45057745	1.23375573657679	0.31770947247963
2	29061602	0.850210501252552	0.271105412042752
4	42006101	0.115836002681612	0.0289185264641357
6	62126353	0.174029199552306	0.0380307476996813
3	35050230	0.0830836414368583	0.0183247559749493
1	15047995	0.606319950088909	0.170049630242267
2	28036498	0.457222675673144	0.134564459231602
6	67002516	0.266796229337756	0.0503456941717844
1	13102146	0.0930719935989182	0.0185327244623213
7	73001776	0.190769972352302	0.020324726898385
1	15095895	0.409477486158167	0.135615714965139
4	42015580	0.132807678224839	0.0279707416310853
8	81000012	0.087894191203149	0.026260669508763
6	62083908	0.106272539999868	0.0193155885373488
4	46022966	0.460157481450564	0.121434592590324
1	11053931	0.213417722465388	0.0501265730353497
2	29011173	0.50349625951211	0.137328557060108
4	42017402	0.113756659776103	0.0260139827481841
1	14080347	0.132785600704296	0.027108883757365
3	34034637	0.0785782069886286	0.0151014990084634
7	71011248	0.147796317071372	0.0447485635736828
7	78023565	0.100722955228555	0.0216914331901348
7	71044139	0.106647409238277	0.0234377725091857
2	24024454	0.15304774495691	0.0461845809194055
2	21020567	1.21174453006156	0.218123874941796
6	64011937	0.244294161842581	0.0579868993615212
1	16049680	0.26475567269673	0.0546946887236602
6	62092740	0.148030144063071	0.0380628127282358
4	41005067	0.20975652693796	0.036691030639388
5	51014279	0.40216947161694	0.092921630890577
6	63003612	0.283192569927055	0.0571747193939613
1	13050260	0.072927544798707	0.0157355546196416
6	62015791	0.0832802191335211	0.01674500690297
4	46032625	0.350499282043278	0.104890631843288
5	56023171	0.888189524267139	0.245403009829708
1	14089063	0.235259450032567	0.0621398661641632
1	15094253	0.569946442752494	0.175812162802193
5	56101988	0.498049874598802	0.11096939597541
7	77037632	0.812660930785544	0.240671669140148
4	42012065	0.0587371942769352	0.0160873568611505
1	14062456	2.29531692658056	0.498714662687588
6	62107598	0.133414326642389	0.029170250251312
5	57004488	0.22146354126959	0.0526603302251972
1	14066983	0.727178534980148	0.187212873123167
2	29052019	0.572140379067889	0.13942212430937
1	15036110	0.400172138240507	0.0992619298871826
3	31035702	0.114690049288543	0.0259320794583348
1	15048544	0.739427759549767	0.221085261214153
5	56070508	0.331936165769814	0.0966607893681487
3	35027013	0.0861272165959216	0.0176744489792503
4	48014994	1.2004406270809	0.352431431665203
6	64024517	0.839909271140161	0.249662595974739
4	42029615	0.110406859185733	0.02464270719858
1	12030083	0.187406830040008	0.0557852855528088
6	62067806	0.109698396754689	0.0283005444140274
2	29110987	1.09509199463813	0.303596028368418
5	57004035	0.149273920695314	0.0307187699063056
4	42044808	0.892613837106302	0.217823676983384
2	22023594	2.19066708428666	0.494737410213061
3	35009891	0.0451452128401373	0.0132138866265382
6	67002545	0.29761911072585	0.0582663329258007
8	84000175	0.312614600881704	0.0850750878435605
7	78003271	0.150121612297785	0.0266850267563185
2	28057281	0.495193002804087	0.165238821561459
1	11071359	0.196814247188169	0.0432099292057596
6	66021031	0.114189289211214	0.0354240546977747
6	63031801	0.227926758711654	0.0422617790740217
1	17063795	0.695042694782492	0.153597960256562
6	65011464	0.119361693497871	0.0216058962385921
4	45021308	0.120736570207386	0.0221660827934431
1	14035972	1.01650095329008	0.222693857427599
4	41007967	0.099958180888179	0.0190048339226824
7	72020183	0.023164345404112	0.00737623667544037
4	43000119	0.482020956295001	0.123696667669499
7	72045496	0.825495383408194	0.166847085149338
1	11050896	0.28355159935846	0.0634965294890198
4	49002143	0.224208115221366	0.0564691691423521
7	74002202	0.57185699274832	0.110540587064724
1	15111956	0.414906483201427	0.118062146040185
1	12055435	0.486247114897802	0.125222188346446
4	46022852	0.517764946421132	0.120692865430733
2	23023952	2.73224025524692	0.495053449765724
3	34026694	0.14066139512813	0.029790671733639
1	15018905	0.632515026594751	0.164655478120755
1	11006356	0.282001547049296	0.0624499425397163
5	52009514	0.11904613056661	0.0262440173430984
3	33014214	0.0570276962958913	0.0131228230372722
1	16016692	1.09426867194744	0.283078051739701
1	11000899	0.678324853499812	0.18914846273809
6	65016315	0.361723164493026	0.0997429801574589
4	48017898	0.16744434529243	0.0473468356160107
4	42004326	0.0453217794944417	0.0126161916290765
3	31000836	0.0514529369975819	0.0139570015693004
3	31028769	0.0685858766456882	0.0181948135705557
6	63044806	0.264839897937995	0.0539695667186521
8	83014474	0.0649093286905223	0.0183023197887575
7	77041082	0.564591216358274	0.147856921319702
4	45001663	0.170304626686395	0.0354115156915829
5	56120295	0.511769870386591	0.164315776882963
1	11023777	1.10010810567049	0.313562373575445
3	33003058	0.0572018694492053	0.0148099146968629
5	56047412	0.374832004041947	0.121306001154027
7	74006557	0.46191333678266	0.124907554035749
7	75042669	0.288224465138669	0.0536296927752007
4	45081658	1.25843372428448	0.282813660960727
1	15025218	0.63465524420725	0.179541002180814
6	62129540	0.189315846905921	0.041086775042232
7	77044739	0.282760617302822	0.0906725688768266
1	16017036	1.01451836456448	0.276874362517937
4	46000373	0.182288053673534	0.0519636191085847
1	17069874	0.14995115615677	0.0295326843223798
1	17008898	0.692685976247581	0.189563354343874
7	71030230	0.123427633978561	0.0171333386668597
3	35036932	0.110349814780942	0.0278028230637677
4	44022960	0.435765777349476	0.0875522768875773
2	22049993	1.02548877081692	0.240923162124968
4	41003353	0.213356461739965	0.0341069042997302
3	31011350	0.0836268346425215	0.0236310892000959
6	65004832	0.10366413387669	0.0210543580597823
2	22013327	1.51396995548824	0.393835995549463
2	22044858	3.08993966870205	0.676680168235294
8	85000155	0.134348972606779	0.0347485380047088
1	17034320	0.703772561662101	0.190916825836783
1	12077965	0.517351144822374	0.160968924266979
1	17043369	0.923742476342555	0.207325753036882
3	31022819	0.0763006741432828	0.0164976616318132
4	44003105	0.131785416348106	0.0320948625820069
1	12015020	0.188635256774783	0.0490624820828791
6	65004418	0.644220753340194	0.172497950192699
4	46001655	0.335407635537997	0.0969143958590749
4	43072173	0.37729945056119	0.0680977149487846
4	43030378	0.159985293367326	0.0396977720486577
4	46047382	0.15963662148857	0.0298164127899043
6	62021269	0.0802717513745467	0.0163563144999521
1	17003494	0.580151384008455	0.159546405242662
8	82015895	0.0410910655280633	0.0112173824558504
5	52024460	0.142798332837549	0.0249643758757328
3	35052598	0.162264579138235	0.0323442053426842
4	45016426	0.0591383695835979	0.0130866506480579
7	76000042	0.238104853507343	0.0654433609987971
3	35021267	0.230978207342945	0.057959516324711
1	15140534	0.927158378373247	0.269380478648288
4	49002847	0.265759834598263	0.0735676845042173
1	15006642	0.679939496657549	0.148040585486251
7	75020189	0.372114808134563	0.109316149184905
2	28065459	1.54172574895817	0.352167276434691
3	32014542	0.0579293237183766	0.0130325128379966
1	13103176	0.136966535724803	0.034487969729476
7	74035598	0.580345095342533	0.139704424887875
6	63025041	0.218886204485881	0.0519778858164232
4	44040855	0.483192832872368	0.114128976644446
3	34017436	0.0550158076424484	0.0154227900030682
7	74052940	1.75555518904422	0.374896423528412
7	77014859	0.517214348402468	0.136670819885793
4	43030793	3.49960905696771	0.735832786142313
1	12002969	0.180472002527741	0.042735648842638
2	25006336	0.192124556207937	0.0343720802661667
1	12020104	0.652911541301639	0.171918658352331
1	14055049	0.397565791406922	0.0696566522064967
2	22040641	3.57528521276843	0.691218635995117
4	43009819	0.252621010941179	0.0762782602004995
5	56084568	0.244666967467961	0.0810285516076691
6	62132051	0.211007629257786	0.0454852857874175
1	14025905	0.357964302957429	0.0922090764372718
7	78019247	1.85453575834785	0.361155948722622
1	15126852	0.866624417195322	0.232284395685535
4	48029255	0.159049360633231	0.0415450844640163
6	61000954	0.280896422078452	0.0493307871641645
4	45001851	0.30444872577536	0.0614700829455602
4	47021224	0.307246227625882	0.0803788190322433
2	22005272	0.7079110109427	0.1783337693895
4	42025781	0.182034108667338	0.0376151563976917
7	74008192	0.216694089531678	0.0542813595723249
4	47003031	0.176680932697639	0.05407968746419
4	43088109	0.461329841579969	0.0950559065497156
2	24022849	0.60159055356875	0.133750830617891
3	32019287	0.0854560985420604	0.0192184696955048
4	44010124	0.176861770570936	0.0370327778653624
2	29014200	0.678015789280752	0.166772084171421
7	75004017	0.5259873986445	0.08217043233266
3	31018668	0.0611226961379935	0.0166635297743524
1	11061827	0.599007177616982	0.161820554404386
7	75020909	0.339552305014662	0.0639446661297054
3	32003831	0.0480445583684937	0.0130390199712872
1	17052399	0.573082063206894	0.139894534117911
4	42023611	0.068515640597726	0.0141366442298091
2	28057017	0.218374260266908	0.0443330096274441
4	44034737	0.639844634410433	0.119634110637626
3	33024818	0.105135910766801	0.0301533638450105
7	72022046	0.019995816787279	0.00563771387799174
1	15064501	0.511627989214281	0.166185275498845
1	14075196	0.397096764078538	0.0751957800633851
4	45033027	2.82242012736405	0.76244569210165
1	14065991	0.246835388567405	0.0458644527244943
6	63004989	0.471995306803022	0.12642427567606
6	63036115	0.711512591860551	0.155545222402544
7	71048686	0.256469933110656	0.0389778497714315
7	74029001	0.672477601745467	0.0635629948883385
8	86007189	0.163276098995765	0.0433751329220824
7	77001003	0.0996631324472305	0.026636508087883
1	14027844	0.721926846186264	0.204275182952519
7	71037189	0.0823550150499964	0.0239277095486875
1	15071386	0.685104076215834	0.20640245029303
2	25005226	0.070678162744304	0.0221752625775637
4	48022600	0.111527614707691	0.0243819014754894
8	82013666	0.166745748995997	0.0376023446501536
3	33011263	0.0580277215570964	0.0162284934659633
5	56105788	0.512869690502775	0.176202630551584
1	15134328	0.892109878619832	0.233980672565703
8	84006174	0.116661286333549	0.0334379465426124
6	62092927	0.0879349559608791	0.0145525648325691
2	29091551	0.83304483055774	0.234436812419991
2	21020348	0.540540374066047	0.105511872084145
1	14057143	0.342576962165858	0.0765344393655802
6	66020279	0.0970646254483423	0.0184793621328646
2	28006716	0.115420898467315	0.027506799243474
1	15083922	0.550359022217565	0.165211279264762
5	56021255	0.865149017177019	0.262809121923926
3	31024327	0.161775236338335	0.0273637693250725
5	51012113	0.165881564883064	0.0430241405335785
1	13064280	0.216300404863058	0.0391416331491612
2	22016465	2.25834561038939	0.476849697672523
1	12053695	0.375331696176783	0.105121593139105
3	35060177	0.109840499319945	0.0205259005948285
2	29100706	0.429142107642505	0.111360390736904
3	35058850	0.0818296360794797	0.0143975915098239
1	11012809	0.809639668982553	0.22872524050742
5	52018774	0.343085111758416	0.0621454962209218
7	71007305	0.105208670927683	0.030178105634067
4	44010086	0.37302938111692	0.0742475633266898
4	48029520	0.611760737581519	0.176058495376486
7	75037500	0.232159381540151	0.0480257824516333
2	21021287	2.56517009518783	0.470095744118922
6	63002007	0.329567078623175	0.0820979081749742
5	56073165	0.436994719967854	0.136819179898685
4	43051389	1.05846186327891	0.195881921028973
4	45015311	1.48183209106835	0.338317993765634
4	42044932	0.0954353543691659	0.0246600482696391
7	75002765	0.50592607383139	0.120356746628986
1	15064760	0.766091205926624	0.198494533142229
1	11019416	0.833911487360272	0.220522935771219
4	42007348	0.134186098056436	0.0326892654618827
7	73020611	0.184313543866423	0.045729098278559
7	71003676	0.0716936576431112	0.0218022749862737
3	34021185	0.116461783893379	0.0377958150356511
7	76000863	0.652355980876872	0.145266424744685
6	62063292	0.17374844518921	0.0251819180220044
4	47001706	0.433852587969272	0.0972731740095349
6	66013487	0.175056544649902	0.0426525391311098
5	51012178	0.838091402507867	0.15427568390421
6	61045499	0.0707676869401427	0.0141869589963921
6	65004875	0.831302685742873	0.21422892931488
2	29113770	0.423364931013632	0.125411348464534
4	42018774	0.131855451372319	0.0315124750399618
2	28006501	0.225434149544513	0.056836893904044
2	29054542	0.760645075001993	0.204311266367056
1	11060793	0.139942905790327	0.0326145179695894
6	62144097	0.17003978071361	0.0346191373981639
3	31043352	0.112864143156381	0.0315470287616447
4	44043457	0.520787989448594	0.100184917478413
7	71029384	0.0545111392841374	0.0127243460181775
3	33001475	0.0333523334690518	0.00942375726175355
6	63040668	0.254403614156687	0.0435391633214645
2	29080316	0.613817696206157	0.157170162980068
7	77023011	0.620336534293096	0.15339697199405
2	22041421	1.15561779544692	0.219874726101201
4	42007480	0.121557617091092	0.0338953231032576
6	62087290	0.125196500253894	0.0290515834994851
3	34049640	0.0463234627952323	0.012575611106872
1	17045550	1.00704562523033	0.233158298923442
4	45017211	0.0659374589969	0.013958993595463
5	56171714	0.140321484306241	0.0402217243600827
8	81006801	0.153564791447039	0.0211115556433256
2	29113486	0.875526767502891	0.262899090326482
4	49002962	0.264202450940039	0.0716609968477629
4	47030570	0.691684238196578	0.168201078837737
7	72020601	0.0252974513408298	0.00712339583640439
1	14006889	1.15681069598076	0.311169798409747
4	45082345	0.312588420279852	0.050567345366872
1	15114936	0.849444422713552	0.225858491410921
3	35028032	0.115284451434807	0.0293941734954221
3	32007515	0.116769891071539	0.0366146933644169
1	15071450	0.703903167205399	0.208073018769481
6	64024939	0.346224302628294	0.103974877241062
5	56107890	0.280307567506125	0.103257254269993
1	12048012	0.422488816534685	0.126438696541219
1	16029126	0.816249656344753	0.197270693817932
2	25006739	0.0230457988488231	0.00740337799157981
5	56032490	0.212207786244078	0.0476243390003883
2	26022764	0.178613796081201	0.034129944398998
6	62119895	0.0951909501734766	0.0206639776743153
6	62114813	0.141390218348965	0.0293867701210888
4	43095633	0.266695905502568	0.0497400664046024
4	46016859	0.497806443659016	0.149731665488992
3	32002640	0.151257225982902	0.0464858551514576
7	76004262	0.687058963073788	0.103572018333302
3	32035707	0.277345552984938	0.0665501854320684
1	12052120	0.399732163977486	0.108361085588632
1	15102869	0.859396297913233	0.261542955469435
3	34031154	0.0646477133933485	0.0190933229736221
4	44047997	0.643934064204802	0.135858342071298
7	77010057	0.229599983093895	0.0434424119024009
7	71030876	0.148472085233593	0.021808854467824
6	64057789	0.255153671468076	0.0731163944488784
5	56007738	0.221274292054174	0.0517387112637117
4	45014349	0.3145231225957	0.0559347466430039
7	71002372	0.0297075051125987	0.00843640163067407
1	13092671	0.157053057236148	0.0365974572314311
4	45006088	0.276075691946421	0.0729052287384783
1	15054282	0.477045185556943	0.132598459168793
1	12082239	0.213595379341685	0.0589071439848945
7	77012249	0.158268516958906	0.030533266670944
2	21005287	0.577951733968797	0.069802060470897
6	62048251	0.0985400579428655	0.0261360205679907
6	64020299	1.25503678409455	0.604764593396996
1	12013361	0.117239313380986	0.0294361405814793
2	29095990	0.785084973509614	0.216208963697836
6	63038887	0.239633985508689	0.0418180669790364
1	13031702	0.103004151351086	0.0201201227687172
7	77014914	1.62746363699329	0.368873080692672
6	63005509	0.326349281880779	0.0749055448313884
3	31070080	0.309274105452991	0.0827382388686689
6	62002684	0.0787713725100482	0.0143610729639764
6	65024672	0.181559384363177	0.0618089934523273
4	42024635	0.338638463781931	0.0991796372047688
1	12065572	0.457707856157502	0.134239438756939
7	71032346	0.498703277705509	0.0952478534796179
2	24013559	0.155425331525063	0.0481538088480156
6	64046046	0.230114808502141	0.0458715582315136
6	62147269	0.0730938379175265	0.0142794554902463
6	63043993	0.235306152513959	0.0501664958787083
6	62087526	0.0922163728182028	0.0196275373941764
5	56107371	0.497960657482331	0.169805672376363
7	71021872	0.480651079694519	0.0951248549127659
5	52011502	0.154154840081663	0.0300150273159394
2	22015621	1.96385524984559	0.444072477968156
6	64062630	0.400583853936528	0.121474223098781
5	56152722	0.315999989663077	0.101885420531686
6	64024658	0.181057805530008	0.0459541474820853
1	16020973	0.985674032224161	0.262732414595203
1	14036533	0.520746605721193	0.124721973136431
3	32040773	0.26171424818932	0.0771474514693367
2	23010038	0.883473397966854	0.138655399057014
2	25004678	0.0370633947837445	0.0102011004770683
3	32012316	0.131777909388498	0.037915548249289
5	53005844	0.0950794003410919	0.0177972912789581
1	15019052	0.395223736691189	0.109317237480685
3	31063212	0.436559901348184	0.0983262363331913
5	56136183	0.35526427580051	0.110475991692071
6	63029961	0.376237773278483	0.0803678047158194
1	17008520	0.704205036961859	0.197045840102243
6	63010774	0.222365081388663	0.0539221116160806
3	31077806	0.139628412687047	0.0381152307129212
2	22016331	0.334323220858363	0.0588166122108076
7	74064028	0.214491367078498	0.0255342359846835
2	29087935	0.522339939672917	0.151841773655189
1	14074609	0.598949135941122	0.148621432462287
6	62128321	0.0892383415699328	0.0190392522993921
7	71038023	0.11138172843507	0.0242549504318096
4	46014383	0.353833065528853	0.113287116832226
3	35017737	0.169036318655949	0.0295576161158507
5	56091009	0.221537381763502	0.0756055938736765
4	47016482	0.545325147032428	0.142764728655439
3	35011147	0.082239450088155	0.0212434713315123
4	46005858	0.435359333474927	0.111170716240912
3	35025200	0.128235156764643	0.0369123214623048
5	56044505	0.3077168582168	0.107488807720656
1	15055441	0.486810128470495	0.153666582693727
3	32034242	0.0815139171294234	0.0154992128628672
1	12081459	0.369401582297841	0.113058732274266
1	13029783	0.0988600537551957	0.0208951869293105
5	56040069	0.519091301779759	0.162153462471131
1	14062220	1.03752496584231	0.262148335801932
7	75009446	0.882427788347687	0.191227743110682
1	13075721	0.160334935312924	0.032803660670643
1	12037664	0.275258187347015	0.0628304541526349
1	11019179	0.381833229953678	0.0970762927118758
1	11027637	0.88219855383651	0.215865014521614
7	71045431	0.657484031361395	0.107345108867205
8	81012646	0.204659062752919	0.0445040533547005
4	46047276	1.5555134419498	0.421990233100762
2	29015218	0.907927045405983	0.217243777393098
1	14000148	0.313944403091673	0.0909413635749216
2	29121705	1.38672989028024	0.330237787624898
8	81022632	0.0559541644206132	0.0117788144401502
6	62012062	0.144061373870396	0.030813130941591
2	22051633	1.21613852098442	0.23684719163741
1	12001545	0.0886302776230108	0.0209751560162914
5	51009535	0.738348953832023	0.170816056635113
1	15126207	0.939561802426575	0.258819780882716
2	21026445	1.01362454588358	0.272499555910692
7	72016104	0.0259157243674718	0.00863097216921964
2	29016697	0.500022751432942	0.13003666621021
2	23031380	0.757163239040325	0.190771814939413
3	34052344	0.0415335119027359	0.0103226150542377
6	62089011	0.490795571296968	0.116690268528902
1	18000846	0.172041489877131	0.0374163527435039
1	15120145	0.662389901032081	0.188687898974407
4	48012810	0.314630346647671	0.0706724809586853
5	56169226	0.137575245229705	0.0328500864729152
5	56126239	0.46227794737105	0.164434656575907
7	72047497	0.181170991077461	0.0304519488491638
1	12085337	0.850342180145436	0.170877958256826
7	71048817	2.22510278630902	0.499899641197566
4	44030537	1.19051216332514	0.238001944519032
7	74015627	0.355908163071081	0.108065886406419
3	35015009	0.0838009582351347	0.0237989567769129
6	63025204	0.529164593553818	0.14752532482861
2	21009742	0.890547258512223	0.156928024087029
2	22013310	3.1211241098419	0.505992317665731
4	46009267	0.321643433695227	0.0745636054438974
1	17025378	1.16146365685188	0.319344507045631
1	15025051	0.74102670304247	0.201882056447043
7	76002380	0.461840665142064	0.11024511234156
1	15119406	0.465647593074544	0.137566283572748
1	12030655	0.300117574317039	0.0879236137035154
6	67010163	0.406437868087735	0.114375483281901
6	64007324	0.223192403185441	0.0390345542806364
1	11003913	1.21231547574842	0.349887227577723
6	66018870	0.0849851632908517	0.0173388586591761
6	61030479	0.0795844301968312	0.0153507358583135
6	62147146	0.255596522415418	0.0408117470604399
4	45056370	1.21026421061284	0.276695916571567
2	22054149	0.691769320842257	0.181742790145112
1	15002483	2.61665583099642	0.552661810242931
4	43040879	2.1933071707199	0.440665090965914
4	44049432	0.11922754983647	0.0184917417978357
1	11064810	0.125310728767904	0.0247479325308999
7	74023196	0.357924884076799	0.0939065013431549
1	11053744	0.204476819623202	0.0312780780131251
3	31056228	0.431055022734046	0.106098213075154
1	12061641	0.215617336046065	0.0514356718045215
1	15059485	0.404332317095181	0.121211299594706
6	65026545	0.194592989243869	0.0600546725960101
5	56076295	0.247271149670283	0.0943253665153944
5	56033715	0.438281059883707	0.151780309927192
2	29083843	0.65750013598818	0.197543352683412
6	62141891	0.0994137792418297	0.0195452138005266
3	31035603	0.16530568804507	0.0404189251470827
7	78010858	0.0780788837598135	0.0113593333074704
4	46005362	0.466626736081967	0.132642694911411
5	56149208	0.326518072440644	0.104911380197395
2	28060247	0.775960107599963	0.168025460063142
6	62083558	0.161556055321121	0.0284275413262477
2	22009679	0.872302335957002	0.21804589418997
8	81009110	0.107548241839967	0.0106966541861407
1	14036415	0.823586097689212	0.191172895105847
4	47021097	0.443018893761043	0.122919575162168
2	28008370	0.20347197173919	0.0496593949739205
1	18005154	0.140100242780583	0.0244744670533177
1	13056241	0.21633383144954	0.0511369786416185
7	75030557	0.610675753552517	0.159554231366179
2	22034417	2.47006018005623	0.334019654705846
1	12095137	0.429201226758161	0.126273357805908
2	29095725	1.13882435206089	0.319097047843545
2	29023397	0.655214062198718	0.155475177699357
2	29040877	0.747844989620838	0.202413138845006
6	64039087	0.131699013431765	0.0249621858664761
4	43011040	1.55924823896519	0.354387894503243
5	56097456	0.270163955953513	0.0982206748047739
5	51012132	0.361240312098392	0.0608460857535154
6	62022372	0.084721405306932	0.0168804646158308
7	75032360	0.625509835427854	0.183100092032959
6	64028985	0.269073145764846	0.0543215017929924
1	13063311	0.154289357826429	0.0245243234204732
4	45033990	1.00343299500048	0.291849827746854
4	43011141	0.305444271341187	0.066936171501133
3	31068659	0.0869755352395082	0.0207174939328679
6	62124660	0.0989898901130555	0.0206330421304237
6	66004023	0.200192315001956	0.0660309410029332
3	31023429	0.0684878473539129	0.0163023478412965
7	75046559	0.334312983429249	0.0641897723367755
6	64031057	0.444932977454697	0.05645981427001
1	15002964	0.744689651412366	0.182209739497102
5	56086322	0.240165260408826	0.0637446114419546
3	31042144	0.153748158141344	0.0425749295309934
5	56072818	0.296007265140682	0.113083220214542
1	17049667	0.544399002079038	0.160686068878954
3	31054113	0.0850944919025009	0.0239704190923273
3	32024951	0.120871014877157	0.0317956782171027
3	31032980	0.0499841281122923	0.0132481985329886
1	11024291	0.473080515434619	0.0981211361071174
7	74023166	7.56214286329027	1.20982897441221
6	62061214	0.0875227889218509	0.023317329487787
3	32032682	0.0726118906283618	0.0191355283336047
7	73001493	0.178216223576601	0.0300103053053456
5	56142941	0.393698982430497	0.133472292719749
1	12026345	0.293645710027171	0.0800135786511423
4	44020723	0.442794107047679	0.0831810389356018
2	29049789	0.828686465995985	0.218106937361162
4	48021110	0.473389334748268	0.127695289134972
1	17001024	0.961547465408035	0.231250910740246
1	15085968	0.480675599894227	0.134491064152357
6	64035941	0.226089787381629	0.0447659313581789
8	85006394	0.0942989546082067	0.0190862243505104
7	75036901	0.26271085758878	0.0662971478120259
4	42010835	0.0720056842505072	0.0196510569129101
7	77034023	0.531881143277802	0.153991782742591
3	34021901	0.0866732592538181	0.0262507504351498
6	62144615	0.186905808192184	0.0445014982132571
2	29078595	0.769075854488701	0.2006234381745
4	49009182	0.144629424474821	0.0429602594343485
8	81000965	0.111888124167454	0.0345433780866424
6	63006515	0.521496673660864	0.124802016895049
1	15077551	0.706087889892249	0.241419375615901
7	75035577	0.287521071927657	0.0580591540388764
6	63040017	0.186498530070945	0.0176992440720779
4	44009149	0.519221117870036	0.0917643216090878
7	74070454	0.40984938641256	0.0693985423321925
6	64055118	0.94631548129791	0.207054458312643
2	24013937	0.0606160074653584	0.0151541044532746
3	35049668	0.108712016622681	0.0192690852571904
5	56129237	0.459810117504759	0.146314292764485
2	28066050	0.877981518887481	0.225676762407347
2	28066307	0.617437006220685	0.165946208435138
7	76000359	0.801383521768386	0.151710159628147
4	48032587	0.142999478465266	0.0265791216395707
3	32015218	0.104127810286438	0.0257363495079076
2	25007045	0.0298736513392156	0.00859622547590196
2	29011125	0.817980453431885	0.209293518483003
1	11058027	0.16326696793292	0.0315728346504198
3	31047561	0.150302069455984	0.0380740882077003
7	77014248	0.306482874151167	0.0744329802456423
4	45063472	1.03101741887055	0.198142818812988
2	23020952	1.20427709601696	0.198321018115108
7	74055412	0.329105743398593	0.0623710667868644
3	34000992	0.161190556002369	0.0381517009018844
1	12026655	0.192938078148908	0.0497811821023097
3	34040796	0.0911125328451593	0.0252980013880131
4	46035596	0.42775597160171	0.131632591232769
1	14014171	0.60970381532914	0.149687941423071
1	17032734	0.867613734481311	0.205029302543993
8	81037327	0.218565924041391	0.0412552251656261
6	61002991	0.378716501377853	0.100725851955446
1	16031977	0.937906518566944	0.246569651374507
1	13045289	0.0788744109069788	0.0182292977926202
8	86004983	0.193520404981472	0.0505683386881261
4	46001517	0.356697623630817	0.101416131665522
3	34029932	0.0921254910205368	0.0216200242702145
6	62013247	0.0877166358343526	0.014631827236572
1	13080122	0.169807608156077	0.0353671676404875
5	53008836	0.0999582994338007	0.0250206348278587
2	28044871	0.614538432427567	0.171234478741837
7	74023489	2.31017969704358	0.334975837937409
7	76002553	0.569997663059117	0.0996228484596155
6	62109214	0.0943677319930674	0.0191982721299963
4	43019576	0.234721848584835	0.0563620097714104
3	35043109	0.0952901461673522	0.0261088240721487
7	73021657	0.219715321867752	0.0582411943235418
1	15099592	0.726611133436069	0.230237424656964
6	61001595	0.408842655605118	0.085704108822921
7	77002486	0.105500852381726	0.0338696437460763
2	22012500	1.39481436204209	0.259981719478285
1	12091991	0.466213199357477	0.0947882126370192
2	29091140	1.09457726570138	0.30294044993959
2	29074428	0.513913140790992	0.13267415521702
1	18010341	0.190913136669227	0.0398738749437731
6	65012777	0.381452405602411	0.114014552516142
6	65016031	0.261312870711726	0.0779681735162643
7	78005512	0.168643356997739	0.040978309667211
1	15003075	0.995698038141709	0.259902472968722
7	74062377	0.360416974675169	0.044412452706758
4	44041357	0.366120440574973	0.0581100051722413
7	77040501	0.757813355442076	0.233390560496849
1	14021505	0.442128947771349	0.0992811316500676
2	22006720	1.01459044977304	0.232164949525027
4	45000311	0.149871969949754	0.0299620069860027
6	65031995	0.0915151667190528	0.0218033469641527
5	56103070	0.278412715892326	0.0960687271679254
3	35004505	0.191806213488597	0.0523200032008071
4	45065205	0.27638879576502	0.0630297367363974
7	74036280	3.4245029114785	0.581578075344843
2	24017536	0.573665450737432	0.158375550443502
6	62030296	0.0930271200094137	0.0210373640873664
4	45073445	0.213306066036345	0.040539948682686
6	64059511	0.660936715020853	0.123682200626039
5	55000037	0.124722011043749	0.0259327641732598
8	82003773	0.146315426596701	0.0413433192671376
1	15041172	0.666831372712853	0.181964406108432
1	13061709	0.141362119857556	0.0260156626162611
3	32045529	0.0842551608454381	0.0157007947189526
4	43052778	0.10502705975332	0.0215504799718826
1	13083871	0.139936964649113	0.0333427408039594
2	23024602	0.547116633415964	0.0690943039492911
1	11042033	0.535561140365723	0.151588626849589
5	56120199	0.157428353383964	0.0605815101684563
2	29096500	1.10504678176313	0.302872917755668
7	77029846	0.160720130485227	0.0348456503355278
3	31044887	0.147314538097848	0.0423113947301265
6	64068057	0.206387304707455	0.0530733262342673
1	13092845	0.133592979522332	0.0308048580051895
1	18007965	0.193833899195465	0.0403995144853066
2	28026000	0.701652876436894	0.170118963431598
6	67002302	0.134469127679253	0.0251912893376012
4	47000924	0.17447484890158	0.0487938336591213
3	34017788	0.0680590886189676	0.0175594160501581
1	15002053	1.19560900502086	0.235229857269415
3	35053189	0.154825570839247	0.0270702215486299
4	42052396	0.717815552988036	0.136979144876252
2	25009170	0.116608315896389	0.0260764973887485
2	29023633	0.533589809554028	0.113001540947467
2	21009121	0.905223028180012	0.192202551996525
8	85005359	0.067286102730308	0.020180228547928
4	45060159	1.23970975633461	0.277608774326439
2	29041642	0.644936665663829	0.174752780444439
5	52009457	0.126214436201065	0.0291471598441562
1	15075168	0.438798079310136	0.158310670188674
1	16046482	0.666706733662856	0.124853535630102
3	32018542	0.118158681180341	0.0326463048140179
7	73014252	0.538813638995581	0.0687451055534643
8	83023178	0.0633032190097916	0.0165869516507599
8	84005993	0.231232661286442	0.0567578819888049
1	14012692	0.944874550312019	0.256441731218134
1	12007896	0.156853982221151	0.0442751199622597
1	14063786	0.274357048754958	0.0626724068441791
6	63012088	0.39984080765589	0.110086434953586
1	15054022	0.552023758699693	0.146314143276175
1	12035400	0.17074312710287	0.0450389853744193
3	32044959	0.0750531219304068	0.0180978613718395
4	45045396	0.477725295633542	0.103075478664261
3	31004147	0.140892366934066	0.044921634322859
2	29106917	1.06396634688011	0.299897840942811
2	28048283	0.269873625758744	0.075427957029992
1	15017539	0.75025147271441	0.203807704719428
2	21007992	0.593178466047047	0.0955600123400812
4	47023508	0.670464961584592	0.187340248673764
4	42027632	0.189161799621934	0.0504150056249491
1	15130882	0.58337841657445	0.165310202338501
7	74046877	0.368409972067045	0.0915982737368337
6	63001648	1.10212376962931	0.233539716865178
3	31037526	0.200337026738901	0.0369747286615697
6	64025628	0.324701731549776	0.0764220217673535
6	64077358	0.447164677133683	0.0739902146133542
2	29084453	0.964413633019884	0.255755930799937
2	23016490	6.00088217873324	0.739647650446449
4	43033290	0.197034022354588	0.0507043957306353
3	32011592	0.105822139697664	0.0321224800098858
1	14014430	0.365197345009589	0.0998391411559099
4	44022603	2.24620493768881	0.473726680221373
1	16047453	0.27266792897578	0.0493523725512644
4	45015149	1.48741175996294	0.325972075746862
1	17014106	0.639343784864622	0.198407002193862
8	86001874	0.139383212190088	0.0424229454577792
7	78014588	0.101771977855102	0.0223122382894123
2	29037623	1.18784330331036	0.285346509120662
2	29012926	2.11418218067436	0.527864572661912
3	31015288	0.0795857876689095	0.0177962060523487
4	45092106	0.270585910070714	0.0535783711405947
1	15096137	0.622674839054364	0.190884227579684
1	12032687	0.370454400126799	0.0910535074731764
7	74068483	0.114767051463421	0.0226756442053883
2	22046366	0.699332729462527	0.136575619911442
8	83002509	0.0781515593126419	0.0238824936837679
8	81011046	0.221743722874251	0.0591624625317334
2	28063138	0.862196204415978	0.234246460747056
5	56063154	0.423102588924695	0.121790096520858
1	12087348	0.325136875476069	0.0732077671484358
2	29001495	0.53665445162027	0.122343929965825
4	45089338	1.91548707325066	0.422767826145075
3	33017906	0.0865050565777141	0.0249064694103057
8	82038529	0.0650686458005081	0.0125483840449007
7	78005520	0.198154864655402	0.0504993160398036
2	21020879	1.51253085352056	0.312289517509695
1	15042656	0.707825938266185	0.195268349752694
1	12060212	0.457938232835649	0.130545073214371
4	45043903	0.449190444741637	0.106622814413999
7	71012246	0.16189061822257	0.0530655408765827
3	35008568	0.0563095380002124	0.0181475715887117
5	56056360	0.202490501132252	0.0717039715961437
5	52022225	0.293614291958249	0.0548045950337172
8	83011125	0.0395099116839825	0.011656667961257
7	73019891	0.329727770808607	0.0912723506696648
4	48019210	0.756767224009623	0.190802671911523
7	71019120	0.585267519587544	0.134576880205187
1	12009221	0.149119184550229	0.0295309055238691
7	74026446	0.195801359091805	0.0576945748680367
4	43069570	0.184789290607055	0.0381383489936821
6	62100532	0.100145516054018	0.0211875095634983
6	62046163	0.207341674973036	0.0549538282260285
3	33008635	0.0532399240332573	0.0143521292022911
3	33013086	0.0449237987523857	0.0124172207278765
2	22018787	0.669844984135589	0.130744262384927
4	42045937	0.18466350808462	0.0381014058767979
4	45094660	0.664034667075415	0.0954978650844932
8	82018984	0.109188301934879	0.030816661506666
4	42063075	1.69781312459178	0.372092623607963
3	31024730	0.0657538309829295	0.0145390552452249
5	56017011	0.387677140634054	0.0976449218848253
2	25000902	0.105420894257153	0.0261299660630518
5	52022082	0.237419088141525	0.0463670232662121
1	17057872	0.116828580314412	0.0167206472880172
1	12002237	0.138488403979854	0.0205165687761494
1	15006159	1.39091137167221	0.317364192456623
4	45084284	0.262173093004835	0.040304439341336
4	42066810	0.288691271106227	0.0508293583467233
7	74001688	0.344753660197217	0.0753597032055595
2	29072563	1.14783511092629	0.295867519555053
1	13032810	0.171805832373533	0.0317109982726364
4	43078225	0.33735116847208	0.0596528919128708
4	48005881	1.29924134128041	0.308843180501216
2	28017946	0.474870035281501	0.0973442877194969
1	12097319	0.294583175682755	0.0633841583725501
3	34010850	0.0774926024359907	0.0227025833870395
4	43012729	0.330784422174181	0.0839816801587197
5	56049623	0.140843356900282	0.049622257742223
3	31068657	0.292069887172364	0.0847745921264746
6	66019552	0.086612088595333	0.0174869553302038
1	14048678	0.962801989386632	0.200884633976721
2	26018167	0.0550308751697443	0.0116284984874063
6	62140957	0.194671061802226	0.0395782780053974
5	56047182	0.316543437745328	0.133474504590622
7	73022080	0.53864110237356	0.108652824644356
4	42047394	1.22197620459089	0.280004303266725
2	29046803	0.736333197842508	0.211570371258906
6	64014956	0.144311635404038	0.0378108042246284
6	67002963	0.187312309101996	0.0358031947418721
4	45034757	1.61400039594467	0.400473069847051
1	13077913	0.150724583907098	0.0292369256608628
1	17054910	0.644358273166421	0.162934228909201
1	12095633	0.505828500229563	0.165928718654027
4	45006167	0.331382339836024	0.0891339822993908
7	78003065	0.0511596680209399	0.00673581419210247
7	71001299	0.0605069829901361	0.0164620447673931
4	49013609	0.0977354053571911	0.022728440733923
1	11053722	0.266575464975046	0.0548253273038938
8	81025208	0.180526578096157	0.0438179762421757
6	61043110	0.128641940753932	0.018494461233429
3	31077856	0.208222689186386	0.0635548635300053
3	34053277	0.0752617627028303	0.0228540267444899
8	81012906	0.337186553646812	0.0765893802488425
7	78020882	0.0766068312235089	0.0154928400784309
3	34000708	0.0544100454721574	0.0182077162490798
4	45017314	2.38913678886744	0.595456882005674
7	71027679	0.0192217689535467	0.00477923513565297
1	14071082	1.56282590246505	0.359018668651501
4	45064899	1.2661389881306	0.286374764130412
3	31029242	0.1668440102681	0.0432056314660901
2	22045124	0.29302446168728	0.0499558248979528
7	71036175	0.163195350080591	0.0422612245157075
8	83016880	0.0816917209936123	0.024846238974164
6	61031402	0.117512984740987	0.0320155132679229
4	43025362	0.935140115859146	0.193350129014807
7	71041490	1.22527395674173	0.219859606458048
5	56083457	0.202627084949838	0.0673877107263586
6	64053131	0.389262956087534	0.0732386959566609
1	16024086	0.99812325941543	0.287688562500847
1	12057038	0.521620314632367	0.147968213377135
7	72013734	0.0213196699637307	0.00568351008843712
5	53009006	0.110160919702981	0.0270214645842968
6	61026935	0.120706650150401	0.0167304609158784
7	74026364	0.27109762415503	0.0698679162711893
3	35011795	0.0700076380310763	0.0219412983662416
2	22030356	2.5377952907394	0.509492347535857
1	13069639	0.0867816450177945	0.0185225863721108
1	12067798	0.648989151745298	0.126382913649514
1	13045924	0.355070888638144	0.110458647849625
1	15118605	0.859749497280633	0.262574774217302
7	71028696	0.55200377738577	0.110101937055102
2	29117087	0.525007249039428	0.124617795498328
2	29002681	0.305328662052937	0.0836261847838304
7	75003625	0.652385369384505	0.0960176416585011
1	13042046	0.125473857578759	0.0281174442874006
7	74039197	0.604691938371472	0.129026553368679
2	22043818	0.700002722824945	0.109172630728747
2	25008159	0.0290694140094862	0.00702540933860044
8	81029955	0.183237895692879	0.0441280908874609
8	81013078	0.130247989278183	0.0303260950662062
6	64042436	0.387812543181203	0.0834630999230744
6	62086580	0.0973421287820392	0.0210260029551529
4	46019323	0.470554496791337	0.111755884054867
3	31000435	0.0893219730879431	0.0267994525043651
5	56016598	0.451043813652348	0.119902329757729
7	72038285	0.0374707391708558	0.00902416964018752
1	13072852	0.139495029460333	0.0285837590365445
4	42036918	0.127921765553199	0.0319093120006989
6	64020111	0.437313157655904	0.117991651673983
2	22010707	3.19495425239285	0.529254802758134
2	24033051	2.67809291180961	0.549438845219149
1	15129858	0.756887442372769	0.213138348636099
2	22011895	0.744832645190657	0.142135948515404
6	62047579	0.133784435388668	0.0356796065956147
4	42003355	0.166697778828024	0.0386603478997548
4	45005750	0.392112392826854	0.10577876128223
8	84002286	0.236284041242074	0.0655249573145272
6	64016744	0.14794276483271	0.0396946464574646
6	64007704	0.26952145412744	0.0740976821177466
6	62011444	0.125836911856298	0.0271960560198011
7	77005479	0.269002223147529	0.06304983324395
6	62133108	0.177916917267301	0.046301685293002
4	47027636	0.224936438977637	0.0554217943917055
8	81014043	0.159125493703293	0.0432311948402104
4	42065002	6.4580648615929	1.2749963387773
1	14038941	1.09906014488151	0.240738810624175
4	45085229	1.39490404366491	0.320176811231572
1	13005879	0.159662834655512	0.0239073425804966
3	31006747	0.152710300875555	0.0442525308877855
4	42045558	0.542919013882591	0.094604347444251
5	56106229	0.406689800244281	0.134418149546852
1	12014910	0.197713420583634	0.050342828762765
7	77006108	0.444571649268973	0.0822789084603379
5	56092611	0.185306827584753	0.0662950124885108
1	12063625	0.513032521421968	0.161981429539158
2	28053718	0.628671826516115	0.111006221979113
5	56083138	0.364123147535604	0.12237308631375
1	15019750	1.27164836913998	0.338792931678226
3	31000684	0.0620610050001209	0.0193323207940421
6	64032303	0.22523374110069	0.0685749052292886
1	17010422	0.584188073965911	0.15540346701876
7	77020916	0.561470925984735	0.126526258323636
7	72040142	0.078299433593538	0.0197974096269312
1	15007152	0.742611263068007	0.162888583122652
1	16039621	0.985824642601989	0.185220645043577
1	17047067	1.02180793859525	0.291090182117575
4	42006798	0.0695128685173536	0.0189444147089602
1	13063949	0.138331367273232	0.0278685997913682
7	73003100	0.44202936901104	0.0494501897675351
3	34036552	0.132743282901629	0.0306330284752403
1	15100220	0.751883738975521	0.216426896521901
5	51002238	0.282619410573619	0.0604682477818179
5	51006363	0.208654508495336	0.0429599542787764
6	62073129	0.166745775749215	0.0351933057890174
1	12034589	0.150301012683094	0.025862026197521
3	34033647	0.0831533134124792	0.0234110007830734
1	12063600	0.564657702977132	0.177656821390108
2	22015576	1.93618386917065	0.370051256946852
1	15068005	0.617965819709432	0.18470952897196
3	32017833	0.093686750525679	0.0243046642169923
5	53004162	0.149050454703884	0.0376396903600185
6	62112927	0.329933680290017	0.0766387085385934
2	25001232	0.114292971339653	0.0323084866858422
5	56012905	0.421834467477934	0.12175306511715
4	46013394	0.626030773354381	0.155052555208308
4	42016374	0.174765619306214	0.0436738892110828
8	86003843	0.145974901657715	0.0418567338262431
5	56114040	0.451858702580706	0.164377789392884
3	34046964	0.0484752632689025	0.0128456036061512
8	81024113	0.149631772931026	0.0236123306117497
7	74044690	1.43960376620586	0.311990072680215
4	46024275	0.234251780853023	0.066925096940386
6	62055511	0.0854158704927878	0.0206392156848703
5	56036334	0.589381411652044	0.192131064817017
6	62102977	0.0913350183162626	0.0193353737413921
2	29037229	0.815161013669651	0.209753449915181
5	56145994	0.245829957435414	0.08362740376373
6	67007033	0.341078426154099	0.0856074863552341
2	22015271	0.640277041744406	0.111638439728319
1	15137819	1.27510883431011	0.367886985635315
7	77017685	0.24261431123591	0.0611382494069726
2	22043819	0.672356467211509	0.0972001390568815
8	82039651	0.0878719347463267	0.0200230156917644
6	63014797	0.638873283417396	0.177740034861766
5	56075822	0.235685807266666	0.0848873678838653
2	22037494	1.67642710753109	0.38793954771867
8	82017853	0.125698443148152	0.02423907456144
7	75025459	0.265139091353585	0.0732996542005025
5	56109851	0.44689050883962	0.13813254359709
3	34025873	0.0638456934704313	0.0184677849617782
1	14056998	1.0608350502036	0.249856227766006
7	74007222	0.468466439892641	0.120672449983766
1	15074641	0.382163030156942	0.103799951706103
5	56058999	0.479865735456744	0.166315276512269
7	74008820	0.497191589976757	0.127506811499346
2	21023853	0.696061833936044	0.174114301925288
3	31081162	0.224067696697349	0.0525036512050716
4	46017448	0.779118865781031	0.188947502454944
6	64071398	2.26921139650792	0.534292677048725
1	14084807	0.750737551539779	0.149978544627303
5	56105312	0.486967693048316	0.159064372513833
1	15041795	0.539810317277614	0.14473559836238
3	31033503	0.132970311415635	0.0316136093479525
4	41000649	0.122620469427362	0.0278948264175889
2	29005324	0.496481352565854	0.118357489088336
3	35005613	0.122402640844413	0.0399331841292411
1	15112391	1.01588568096313	0.280433022291191
7	72048748	0.144237872880423	0.0389869784266686
3	32055734	0.232187153293377	0.061157356414777
1	13050413	0.0917190125143516	0.0216788591399827
3	34045209	0.0605540887496817	0.0149088561107242
1	15051994	0.738194545321637	0.200004405617872
1	15141975	0.568456732388875	0.168722242110332
1	16015414	0.654335425615981	0.176502940413077
1	18001520	0.262247831680932	0.0642098138049472
5	53014568	0.12101990600229	0.031699589697564
1	13067288	0.135564197437248	0.0209638620834695
8	82023938	0.0783902737310882	0.0235056415034239
1	12064861	0.488030627449975	0.147851731160606
3	31044475	0.330750075746977	0.0819095729612865
2	28022249	0.429314071808968	0.103062730983617
2	24001520	0.0395080887141268	0.00989124442141924
1	13066701	0.325261213885038	0.0550327942009464
1	15059565	0.556272115204494	0.140954660695018
1	14000536	0.241849461303412	0.0814934484633481
2	23003877	0.614937419566079	0.133995552066446
7	72056689	3.97007610164241	0.617308479558654
1	11036309	1.34681254364262	0.394639823236098
1	17068656	0.398516265834693	0.0702197750287111
6	66020619	0.141347294188899	0.0265767126112967
7	72045675	0.0771963278192504	0.0152377992754325
1	15063824	0.383560095740641	0.111483571940979
1	12086542	0.617633759354907	0.154057024051344
1	14062769	0.982830759487979	0.24068286573638
8	82019570	0.025108165764468	0.00667058947565455
3	35046095	0.254094088063068	0.0699336147432304
1	15013647	0.500170066344803	0.110896791142916
6	62047630	0.107607835123951	0.0290162905442413
2	22042646	0.568099976154438	0.0841699340154421
1	17020683	0.534901629780062	0.148652052710682
4	41004989	0.11368327695487	0.0205305653015188
7	72047246	0.10715397953995	0.0280879998136629
1	15069080	0.491491612384983	0.137146262929509
1	12090777	0.431803473469133	0.13796615430288
4	43076841	1.29363460283097	0.21506842512618
8	81000117	0.0755359405571259	0.023764245224425
6	67009680	0.446176647113926	0.131144981515366
5	56024270	0.41648125214149	0.126853194335376
1	18000867	0.138056376141181	0.0241629140730226
4	43004745	0.610587034621073	0.151220135693666
5	56169393	0.380948362149408	0.102657828933571
1	13063980	0.20528126815691	0.0394559170781634
1	17015130	0.812637048858069	0.242238851173158
7	75013584	0.141283159239782	0.0202393169778389
6	61039574	0.0861770948169442	0.0205943175536495
1	16014694	0.58641921388086	0.182764523923731
3	32025169	0.0950992030693099	0.0205509924854726
1	14072657	0.434810619105569	0.1109089325559
4	44025482	0.946669823434958	0.209653512141478
7	75026980	0.792316881790922	0.189841568165145
6	64036781	0.346707896467057	0.0456668566151789
4	46044130	1.56369241991397	0.383131616761407
2	29015877	0.503955243190352	0.141638977557417
5	56024969	0.461342470109318	0.130859445566666
1	12028622	0.314047832273568	0.0842290626391133
7	73008781	0.173313657367783	0.0216529627099157
2	24004632	0.100601365687974	0.0268721823531223
2	28013718	0.515753405040445	0.14932767501216
6	64038497	0.472704755811644	0.0959435003393511
6	63040923	0.202286957679713	0.0466506864096573
6	63000143	0.388776210504406	0.116775785014994
5	56069291	0.153378924118635	0.0561932347837045
5	56122699	0.791614368306364	0.199423951918169
1	17063294	0.367326467792485	0.0841503776035357
6	64025263	0.165602790655899	0.0446444979818685
6	63004919	0.351666203052159	0.082196856061723
4	46020734	0.356844559038898	0.110675110234249
1	12007578	0.319291890572544	0.0769553069344369
1	13026067	0.0937782502865643	0.0225098525663859
1	18005186	0.159860235444675	0.0336318210958512
5	56152084	0.234133960637988	0.0458656123386976
2	22031550	2.13470071008616	0.540528057650377
1	12084415	0.495027771248517	0.122517254523059
5	53014699	0.108408354691609	0.0271560010103118
8	82029663	0.0905988687076061	0.0254679363446079
7	77013150	0.572509437280224	0.162547413856288
6	61008954	0.878454466901596	0.196101268487713
2	29097616	1.14466038105357	0.313429990806991
6	62065567	0.0765369195079201	0.0189662600764953
1	11045672	0.305388712470173	0.0771574590361732
5	56130293	0.42498907647667	0.153315093216324
5	56094966	0.291871079911902	0.09114914501342
7	74037307	0.948526326054187	0.135324368321276
8	83021318	0.0331879970817143	0.00893957255558699
7	77053919	0.304751235520924	0.0697672369793051
3	32050313	0.100973721423122	0.0300874789795069
3	33010572	0.0790083769601105	0.0220045030045146
3	33021578	0.081234266003947	0.0233571487680386
3	31077006	0.257236377764453	0.0709756211411553
4	43024692	1.14918514063778	0.21461078810438
1	17053834	0.542176959631711	0.164198673117091
1	13039854	0.0772974138701808	0.0192527611261942
7	74005923	0.680387414092491	0.135989570183714
6	61023687	0.0784990187050887	0.0144636086434364
6	63016222	0.507239749870929	0.115671212849452
1	13044982	0.188540528808992	0.0459528255925928
6	62001181	0.0919520007379907	0.0164895296522715
5	53004683	0.109224124245769	0.0208433617714493
7	72020264	0.0207115065783921	0.00653397161416763
4	45019477	0.302287426751535	0.0631733386312019
4	42051700	0.43946290392507	0.124421105024637
7	78007785	0.157433346918968	0.0286168603206642
4	46011420	0.587786196023348	0.14742359036063
7	72053604	0.0560783490323499	0.0154946341621792
2	29012655	0.630723783507418	0.159823386863437
5	53004221	0.166346491251873	0.033690273765928
3	36000461	0.0533502558363051	0.0157424105782872
4	43088555	1.01472869245621	0.181846432000904
6	62018960	0.0700813886385557	0.014498464027205
5	56151258	0.448890465977289	0.140931512385122
1	13065717	0.177815096044058	0.0350990525385348
1	12032402	0.178024275362075	0.0491247679072059
7	78021744	0.324660897040258	0.0579431818648644
2	29047809	0.341805889714683	0.0839662988232271
2	22025057	2.91484011184115	0.638022326505422
1	15055808	0.554814583035448	0.148633168567452
1	14017063	0.637577595261261	0.157848389563762
4	42042651	0.602074555627008	0.138825743437019
1	11029463	1.6619993059203	0.449889574075168
3	31023425	0.0510096090056637	0.0131410979786978
4	46017166	0.801985038451583	0.14974150258791
5	52015146	0.165887619624716	0.0253081351211374
1	16048296	0.400210830394857	0.0841917107717194
1	15023360	1.16154561330752	0.293047126665282
1	14061564	0.621275737016357	0.122094162617591
8	82008960	0.143913380956437	0.0408313966868315
2	29082839	0.923314501300574	0.230662400673617
1	16028477	1.24490600876198	0.341675286536528
1	12007644	0.135359413148976	0.0310097654442139
1	14040412	0.818781359323205	0.210551148450825
6	62093162	0.116959720218282	0.026940314710179
4	45042280	1.07844082898964	0.32278063686907
3	32054412	0.259816764951233	0.0764496367493395
5	56137102	0.393150602065009	0.139886154070948
2	29103892	0.681285152599815	0.17437591580332
4	43059146	0.808325181827224	0.161729920127107
1	16013277	0.88607050514201	0.259031258027266
1	13024642	0.137990782435119	0.0224698944603192
6	62009748	0.0895527608529941	0.0161656933964876
6	62004245	0.159380792334089	0.040819301101246
5	56132251	0.534946239032811	0.192367328487082
7	74060434	0.295770952661846	0.0517237733961473
2	27000889	0.110477645835232	0.0336405316657706
2	23011116	3.20806900371581	0.41650343744053
3	34013028	0.102821150866884	0.0220373138530475
2	28013608	0.457170036712128	0.114652184649745
6	64056024	0.504661051735415	0.0973954713002339
1	16012434	0.462937817203371	0.144460804931259
1	11023087	0.417186147981856	0.128656356713296
1	17052610	0.675492031931845	0.142534826724163
2	22030938	2.34346893083079	0.550919274334357
4	45022855	0.0672410469242904	0.0147743775133861
4	46012642	0.754326072676775	0.211072076195844
1	16000614	0.32916400946522	0.101138878529651
1	11019854	0.399074027148647	0.10689416002152
3	32032618	0.0568108863157328	0.0170440671064864
2	29032124	0.732264739660654	0.187790767396527
5	53006003	0.121484578210101	0.0320735807354613
5	56164373	0.918816782375862	0.204734271320783
6	62150413	0.329322977524899	0.0735333443814337
1	12064261	0.51085318713267	0.151564273869786
4	45025007	0.502934746761229	0.141629756082527
6	62066879	0.137604737334051	0.0255253215199181
6	66017480	0.255507138786466	0.0652694309677961
4	47000847	0.220642048161893	0.0637332061417199
3	35004227	0.0913965647199434	0.0299976793170932
5	56044064	0.207879702723507	0.0713607590532018
6	62113561	0.123192139744114	0.0321613659981886
3	31069049	0.141609823818395	0.0460504277318231
6	66012044	0.112229516286375	0.0223869846291362
6	62039680	0.104288296886456	0.0234699981560577
4	43096875	0.263582138843164	0.0507458874316137
3	31010625	0.0655322389658025	0.0164181980292242
6	67008291	0.253020358109899	0.0728306757896264
5	56125714	0.333141808957719	0.118262192277758
1	13074078	0.153713754148154	0.04556982095862
6	65017730	0.224914695733608	0.0656750026167358
1	18004247	0.169999960539323	0.03286009298042
2	22005648	0.748632309642128	0.187471165951445
1	17028768	0.638465307127365	0.175893877507462
1	14067688	0.818217619747322	0.1902616500216
3	35020989	0.0822691911391834	0.0144481630079976
7	72014084	0.0212949372646974	0.00614940871491643
2	23029534	0.371289892346601	0.0736732203401609
3	35011469	0.0570137299400725	0.0181517457213376
4	42064719	1.23109507632518	0.242133957996809
1	13098921	0.0845707882742657	0.0172279780910815
6	62000823	0.335336810288791	0.0773779053138645
1	12084793	0.354473269767804	0.0576073550138811
2	22042934	2.38327033219149	0.562814873356334
7	78018042	0.361607850387195	0.069886120209545
3	32006867	0.0465708175919848	0.0113294523048534
7	72009079	0.0554317560030351	0.0152960433725272
1	17049207	0.458866815048041	0.122392051233552
5	52016235	0.174998895082029	0.024321768824543
4	48009272	0.481071476138995	0.12909090352956
2	28007101	0.585494002402577	0.166983377779205
4	49006953	0.081768609772396	0.0210951936644265
1	18001524	0.164217030491103	0.0397803627707951
6	62113839	0.0830137354029455	0.0164856039947517
3	35000074	0.102995383525122	0.0293097295661595
5	52001826	0.617477084974604	0.14324362767007
1	15002653	1.37005281370104	0.34219972258472
5	56017880	0.332100475795015	0.0768655615490865
5	56094853	0.149805682516282	0.0495188452037751
1	15084644	0.681914371663242	0.20472913022056
7	75029264	0.621106818816352	0.169501572073443
7	75043787	0.198081132844784	0.0302945406678117
1	15018795	0.589845090233717	0.155155659318904
1	12002250	0.163344115950118	0.0436549225861056
1	15021616	0.862366815651769	0.244467522129003
3	35032208	0.0834367174319164	0.0209040644057007
1	14015812	0.732742634733339	0.20760520189731
2	22026123	2.06274264980325	0.456079205771922
4	41002893	0.0971586245019741	0.0150973373370686
3	32007431	0.0908469609039774	0.0255333229678341
1	12070578	0.271002855189213	0.062176197864137
4	45082071	1.25761042354107	0.285470824694605
1	12060868	0.482924489495756	0.128797663821475
7	77011935	0.579766102952329	0.163478910506843
1	12087000	0.472336106884558	0.133102644820993
7	75016947	1.07560348437411	0.321203482205636
5	56161177	1.2635188127894	0.294875734328436
6	64062087	0.340076648729635	0.0971899282044259
1	13064356	0.136539927333751	0.0259276188588755
4	43099219	0.261322428906911	0.0637501500854875
6	64068239	0.678755500003314	0.127747319428799
7	71037705	0.0578443904380848	0.0129348295903217
5	56033226	0.260615660984377	0.0515730845180217
6	65001219	0.133367065413097	0.0303042191164424
2	29075131	0.758733492833846	0.193293443768163
3	31069718	0.175514594367072	0.0449407241890624
3	35049438	0.110363949621831	0.0182637395909206
7	73002101	0.193889968059724	0.0308769660223498
4	47000942	0.23346770287783	0.062745070671603
5	56074243	0.198241187790049	0.0733336527464301
6	62020473	0.088155555418244	0.02036205729745
5	56047646	0.384675265755825	0.139052697543781
7	72016592	0.076335870606735	0.0204757079131407
1	12051131	0.501954872892311	0.151895545905271
7	75014712	0.376362504559861	0.106664047983949
6	63023640	0.191058164369577	0.041945925735872
1	11021606	1.09714740188175	0.293892906730929
1	12085830	0.597538492383327	0.190417806647521
1	15094479	0.445230902738814	0.130647356494047
2	29038884	0.795498078823481	0.211378296893788
8	83019203	0.0416613724000651	0.0142268229281302
3	34022354	0.12122007397408	0.0302196481277695
4	43093974	0.117622884843306	0.0189047741362972
7	77046897	0.88720091966275	0.230464398130393
5	56047273	0.355468816881596	0.137823527031081
1	13102462	0.199500424874035	0.0592007425809022
1	14059699	2.2667962536968	0.513971662854269
1	12071462	0.547707695608642	0.163550380101248
2	24014656	0.0870065358587277	0.0196164604646043
6	61006937	0.339101168800008	0.0875496487297974
2	28068354	1.93847027089908	0.366782560210915
4	48032675	0.147939982769093	0.0325048747315894
3	35049802	0.189725023114961	0.0339552140295124
1	11025988	0.84499344805654	0.248685824409087
2	21011606	0.408390202530422	0.0668821002082211
2	29051889	0.555483346220868	0.129172545929057
5	56116207	0.369961815295024	0.122185538223333
6	62059651	0.105187174616136	0.0242903382742975
6	64041387	0.239797694010206	0.0591107726673822
3	35015873	0.10433293081261	0.0319262856473886
6	64028881	0.731458090528672	0.163324251363587
1	13103541	0.620622599730683	0.170491698085189
1	14081840	1.28703076110126	0.324597710808752
1	12057821	0.133142635677934	0.030780767801408
7	71041516	0.0715304820889272	0.0174561150938487
4	45085392	1.67315465182512	0.3817124801562
1	16028998	0.712351663030665	0.166183378582005
1	12094363	0.368499965293058	0.108167503769484
7	77050144	0.242920074646413	0.048794834899375
6	62098874	0.145546134464394	0.0210445155009471
5	56127738	0.353466364147603	0.107391686790189
4	43000743	0.206791629557943	0.0549748030519202
6	64058150	0.41527112689936	0.0957299557270637
1	15131004	0.935594098067013	0.279009418802285
1	15075320	0.346640795154409	0.106387521653306
2	29036589	0.628448654115772	0.174873898893314
4	42003071	0.336893052449455	0.0888583090290259
6	66003532	0.370529832149462	0.118601334266302
2	23025195	3.79096511231667	0.732581700005867
1	17031583	0.687647070584109	0.185148003475443
4	45038652	0.192513426018721	0.0414832827992447
2	28033742	0.378560603572228	0.0815832069168766
2	28068775	0.874085701318704	0.229904276950845
1	12005568	0.115728240303228	0.0313372746314986
7	77032251	0.41412303582245	0.111910781414089
8	81019530	0.229441511940205	0.0523033372641827
1	13096737	0.0963368950617844	0.022574706430748
1	14086808	0.179556291272977	0.0417807207776696
4	46026318	0.61829682009677	0.165528399523493
6	61006115	0.437097158129175	0.0708365801493594
5	56047196	0.464589761925179	0.149059833525693
1	13006351	0.132727693007638	0.0202883960937334
2	24030372	0.200295061346671	0.0445799097575726
1	15007281	1.05486917224772	0.174742173231828
1	17015033	0.641260939291066	0.171628815526941
1	13029827	0.100518918098305	0.0212324126906373
2	28004676	0.091024034922073	0.0182921177800999
5	56152821	0.241174417294386	0.0841128851876431
3	34006006	0.0559299809026378	0.0145980175387633
1	15037067	0.666793435251139	0.181196830924273
3	31047974	0.700547979414942	0.147279865702448
6	63014058	0.321493227210853	0.0633725725533676
2	21015256	0.989488461955414	0.213133812599686
7	74000335	0.458007300736946	0.0842098034846274
4	43032924	0.0931573156570397	0.0230482499928736
3	35056226	0.163142345894232	0.0318521752851745
8	82036460	0.119460372882267	0.0321011495180091
1	13082362	0.0800113529620313	0.0153202468775672
2	29060803	0.385759348630709	0.0975472519752622
4	44030627	0.339031381798207	0.0705904241925178
1	15107556	0.815129627014108	0.238371787316287
5	56046138	0.424325669414495	0.141609298218243
1	14052019	0.21460837334292	0.0387294840780891
2	26001069	0.127102963176874	0.0297458117522213
3	35039672	0.176723879871238	0.0465611948692382
4	45076777	0.739051257924235	0.166907332454022
5	56116788	0.188077837211196	0.0700188578940898
2	22027574	1.27849218132743	0.148340692774917
1	11060410	0.575688908007098	0.163420257158777
1	15136275	0.630245513184833	0.164889786287054
4	43029177	0.100259458741046	0.0231189120264522
8	83022508	0.110470913563773	0.0372672693717317
2	23017795	5.20849037990956	0.960768708916372
2	24022743	0.0578321185693219	0.0153697582201975
